time,latitude,longitude,depth,mag,magType,nst,gap,dmin,rms,net,id,updated,place,type,horizontalError,depthError,magError,magNst,status,locationSource,magSource
2025-12-30T08:12:24.579Z,27.549,128.7241,11,5.5,mww,101,39,0.816,0.91,us,us7000rlha,2026-04-01T22:48:38.040Z,"19 km NNE of Wadomari, Japan",earthquake,5.45,1.762,0.051,37,reviewed,us,us
2025-12-28T02:51:49.922Z,-8.9834,-79.039,58,6.2,mww,112,40,3.685,0.97,us,us7000rl57,2026-06-27T19:08:38.484Z,"43 km W of Puerto Santa, Peru",earthquake,8.62,1.901,0.052,35,reviewed,us,us
2025-12-27T15:05:55.388Z,24.6841,122.0354,63,6.6,mww,298,9,0.568,0.76,us,us7000rl2n,2026-04-17T00:47:10.433Z,"29 km ESE of Yilan, Taiwan",earthquake,5.06,1.818,0.033,88,reviewed,us,us
2025-12-27T10:40:49.838Z,-28.2562,-63.1342,593.431,5.6,mww,100,33,4.268,0.79,us,us7000rl1p,2026-04-01T22:48:20.040Z,"37 km NW of Añatuya, Argentina",earthquake,9.13,6.262,0.046,46,reviewed,us,us
2025-12-26T08:36:07.520Z,-14.5577,-176.9372,10,5.6,mww,66,60,4.039,0.85,us,us7000rkvc,2026-04-01T22:48:14.040Z,"129 km ESE of Alo, Wallis and Futuna",earthquake,10.33,1.834,0.071,19,reviewed,us,us
2025-12-25T16:17:41.763Z,41.2106,142.4687,54.143,5.6,mww,113,58,0.955,0.72,us,us7000rkqm,2026-04-01T22:48:08.040Z,"103 km E of Yokohama, Japan",earthquake,6.69,4.473,0.068,21,reviewed,us,us
2025-12-24T15:00:35.494Z,11.7846,143.3634,12,5.7,mww,186,62,2.318,0.63,us,us7000rkkk,2026-07-08T15:10:36.699Z,"216 km SW of Merizo Village, Guam",earthquake,9.41,1.848,0.048,41,reviewed,us,us
2025-12-24T09:47:06.669Z,22.8982,121.2494,8,6,mww,212,47,0.176,0.62,us,us7000rkjm,2026-04-01T22:48:01.040Z,"2025 Taitung, Taiwan Earthquake",earthquake,5.82,1.834,0.043,52,reviewed,us,us
2025-12-23T20:41:57.853Z,-14.5564,167.1377,157,5.6,mww,73,51,0.888,0.92,us,us7000rkfp,2026-03-19T13:56:14.040Z,"54 km N of Port-Olry, Vanuatu",earthquake,9.39,1.754,0.046,46,reviewed,us,us
2025-12-22T10:31:27.918Z,-5.7036,145.5368,107,6.5,mww,129,14,4.013,1.01,us,us6000rwgh,2026-03-19T13:56:11.040Z,"45 km NNE of Goroka, Papua New Guinea",earthquake,6.99,1.855,0.044,50,reviewed,us,us
2025-12-21T17:53:56.743Z,8.3759,127.6817,9,5.6,mww,126,36,2.455,0.82,us,us6000rwcs,2026-03-19T13:56:10.040Z,"139 km E of Barcelona, Philippines",earthquake,7.23,1.831,0.051,37,reviewed,us,us
2025-12-21T12:21:45.837Z,1.4457,126.392,44,5.5,mww,115,18,3.39,0.79,us,us6000rwbl,2026-03-19T13:56:09.040Z,"132 km WNW of Ternate, Indonesia",earthquake,3.82,1.867,0.098,10,reviewed,us,us
2025-12-20T06:57:09.754Z,-63.8087,172.771,10,5.6,mww,46,114,11.695,0.65,us,us6000rw5u,2026-03-19T13:56:06.040Z,"Balleny Islands region",earthquake,11.53,1.841,0.089,12,reviewed,us,us
2025-12-19T05:00:18.291Z,-15.7203,-179.5763,10,5.7,mww,101,120,1.262,0.52,us,us6000rvx4,2026-03-19T13:56:04.040Z,"138 km NE of Labasa, Fiji",earthquake,10.44,1.874,0.069,20,reviewed,us,us
2025-12-18T12:37:19.411Z,52.8123,159.953,38,5.9,mww,134,25,0.817,1.09,us,us6000rvnm,2026-03-19T13:56:02.040Z,"93 km ESE of Petropavlovsk-Kamchatsky, Russia",earthquake,7.42,1.886,0.047,43,reviewed,us,us
2025-12-18T07:27:44.896Z,19.9353,121.2672,18,5.5,mww,150,75,2.873,0.7,us,us6000rvmn,2026-03-19T13:56:02.040Z,"92 km SW of Basco, Philippines",earthquake,6.72,1.809,0.073,18,reviewed,us,us
2025-12-17T23:07:46.062Z,6.7182,-82.5956,10,5.6,mww,141,32,3.312,0.69,us,us6000rvkl,2026-03-19T13:56:01.040Z,"148 km SSE of Burica, Panama",earthquake,5.53,1.62,0.044,50,reviewed,us,us
2025-12-17T17:05:57.315Z,-58.6643,-25.2234,35,5.6,mww,96,38,7.624,0.52,us,us6000rvhe,2026-03-19T13:56:01.040Z,"South Sandwich Islands region",earthquake,10,1.815,0.11,8,reviewed,us,us
2025-12-15T23:06:12.207Z,14.17,145.8188,80,5.6,mww,91,24,1.058,0.7,us,us6000rv4q,2026-07-06T23:16:24.655Z,"90 km SSE of San Jose Village, Northern Mariana Islands",earthquake,7.08,1.906,0.054,33,reviewed,us,us
2025-12-15T19:33:07.552Z,51.7312,161.2012,34,5.7,mww,120,42,2.03,0.96,us,us6000rv1u,2026-03-10T22:18:43.040Z,"229 km SE of Petropavlovsk-Kamchatsky, Russia",earthquake,7.73,1.877,0.05,38,reviewed,us,us
2025-12-13T10:51:00.036Z,52.1512,178.3529,108,5.5,mww,106,32,0.208,0.76,us,us6000rumi,2026-07-04T11:01:12.517Z,"Rat Islands, Aleutian Islands, Alaska",earthquake,6.42,1.775,0.048,41,reviewed,us,us
2025-12-12T02:44:12.841Z,40.8899,142.8131,19,6.7,mww,119,39,1.153,0.8,us,us6000ruc4,2026-03-10T22:18:37.040Z,"117 km NE of Kuji, Japan",earthquake,8.39,1.738,0.032,96,reviewed,us,us
2025-12-10T14:52:24.118Z,40.9018,142.6725,33,5.7,mww,314,44,1.17,0.54,us,us6000rtw5,2026-03-10T22:18:35.040Z,"108 km ENE of Hachinohe, Japan",earthquake,6.28,1.862,0.061,26,reviewed,us,us
2025-12-10T08:27:08.561Z,6.7742,-73.0156,164.124,5.5,mww,107,32,2.315,0.78,us,us6000rtuk,2026-03-10T22:18:34.040Z,"5 km WNW of Cepitá, Colombia",earthquake,7.31,3.658,0.052,35,reviewed,us,us
2025-12-08T23:59:06.545Z,40.8255,142.7591,47.786,5.6,mb,108,67,1.225,0.47,us,us6000rtj4,2026-03-04T18:43:44.040Z,"109 km NE of Kuji, Japan",earthquake,6.44,4.675,0.031,355,reviewed,us,us
2025-12-08T21:52:41.325Z,40.9761,143.1504,19,6.6,mww,140,29,1.038,0.64,us,us6000rtie,2026-03-04T18:43:42.040Z,"129 km S of Honchō, Japan",earthquake,5.69,1.733,0.068,21,reviewed,us,us
2025-12-08T18:56:28.302Z,40.9878,143.1226,22.788,6,mww,119,50,1.027,0.7,us,us6000rtgd,2026-03-04T18:43:38.040Z,"127 km S of Honchō, Japan",earthquake,7.74,4.394,0.089,12,reviewed,us,us
2025-12-08T18:41:15.496Z,-58.8007,-25.4875,29.994,5.5,mb,63,33,7.576,0.86,us,us6000rtg8,2026-03-04T18:43:38.040Z,"South Sandwich Islands region",earthquake,9.88,5.042,0.052,126,reviewed,us,us
2025-12-08T14:33:39.631Z,40.8889,142.4766,35,5.5,mb,113,67,1.076,0.68,us,us6000rtdz,2026-03-04T18:43:34.040Z,"93 km ENE of Hachinohe, Japan",earthquake,7.01,1.822,0.046,165,reviewed,us,us
2025-12-08T14:15:09.896Z,40.9984,142.1836,40.72,7.6,mww,170,17,0.874,0.72,us,us6000rtdt,2026-06-16T12:34:19.815Z,"2025 Aomori Prefecture, Japan Earthquake",earthquake,9.62,4.629,0.024,166,reviewed,us,us
2025-12-08T00:56:50.321Z,60.3454,-139.6253,10,5.8,mww,144,55,0.401,0.59,us,us6000rt9w,2026-03-04T18:43:20.040Z,"89 km N of Yakutat, Alaska",earthquake,4.48,1.767,0.03,107,reviewed,us,us
2025-12-07T16:34:10.157Z,50.239,156.8911,59.342,5.6,mww,110,45,2.917,0.98,us,us6000rt68,2026-03-04T18:42:57.040Z,"72 km SE of Severo-Kuril’sk, Russia",earthquake,7.39,4.779,0.069,20,reviewed,us,us
2025-12-07T12:16:33.041Z,-14.6843,166.6769,10,5.5,mww,163,39,0.913,0.54,us,us7000rke3,2026-03-04T18:44:48.040Z,"58 km NW of Port-Olry, Vanuatu",earthquake,7.12,1.846,0.051,37,reviewed,us,us
2025-12-06T20:41:49.288Z,60.3127,-139.5412,10.317,7,mww,270,29,0.417,0.76,us,us6000rsy1,2026-07-04T20:51:56.962Z,"2025 Hubbard Glacier Earthquake",earthquake,4.11,3.297,0.026,137,reviewed,us,us
2025-12-05T19:33:40.764Z,18.6143,-106.7426,10,5.5,mww,261,80,2.007,0.56,us,us6000rsti,2026-03-04T18:41:48.040Z,"201 km SW of José María Morelos, Mexico",earthquake,6.08,1.791,0.035,80,reviewed,us,us
2025-12-04T07:44:06.341Z,41.0099,78.4441,9,5.8,mww,260,27,0.614,0.59,us,us7000rfgy,2026-03-04T18:44:27.040Z,"136 km NNW of Tumxuk, China",earthquake,6.11,1.803,0.073,18,reviewed,us,us
2025-12-04T03:12:08.064Z,-55.3824,-128.1034,10,5.5,mww,51,116,31.42,0.96,us,us7000rfg1,2026-03-04T18:44:24.040Z,"Pacific-Antarctic Ridge",earthquake,13.58,1.889,0.11,8,reviewed,us,us
2025-12-02T23:35:28.675Z,-20.8566,-178.9541,620,5.6,mww,112,24,4.192,0.88,us,us6000rs3k,2026-02-25T16:18:43.040Z,"Fiji region",earthquake,10.11,1.907,0.073,18,reviewed,us,us
2025-11-29T22:47:50.658Z,-56.5108,147.4508,10,5.8,mww,60,69,6.831,0.73,us,us7000rena,2026-02-25T16:18:38.040Z,"west of Macquarie Island",earthquake,10.37,1.818,0.063,24,reviewed,us,us
2025-11-29T08:03:53.203Z,-52.366,151.8084,10,5.9,mww,89,28,4.769,0.57,us,us7000rekp,2026-02-25T16:18:37.040Z,"west of Macquarie Island",earthquake,7.92,1.827,0.047,44,reviewed,us,us
2025-11-28T20:06:08.384Z,15.3677,-92.1037,153.161,5.8,mww,310,29,0.909,0.82,us,us7000rehl,2026-02-25T16:18:37.040Z,"7 km S of Amatenango de la Frontera, Mexico",earthquake,8.06,3.842,0.033,87,reviewed,us,us
2025-11-28T03:30:09.169Z,-15.3351,-174.8407,263,5.6,mww,110,23,3.282,1.13,us,us7000rea0,2026-02-25T16:18:35.040Z,"131 km WNW of Hihifo, Tonga",earthquake,8.61,1.882,0.068,21,reviewed,us,us
2025-11-27T17:11:29.059Z,61.569519042969,-150.75079345703,69.433395385742,6,mww,225,13.682067871094,0.47020506858826,1.1860668337292,ak,ak2025xjbvhj,2026-07-09T17:21:32.889Z,"12 km WNW of Susitna, Alaska",earthquake,0,1.4379519224167,0.025,153,reviewed,ak,us
2025-11-27T04:56:24.368Z,2.7191,95.9543,17,6.4,mww,175,41,2.966,0.96,us,us7000re2g,2026-02-25T16:18:34.040Z,"54 km WNW of Sinabang, Indonesia",earthquake,8.32,1.827,0.045,48,reviewed,us,us
2025-11-23T12:21:17.620Z,13.588,40.672,3,5.5,mww,0,,,1.01,us,us6000rq2x,2026-02-20T16:07:36.040Z,"116 km WSW of Edd, Eritrea",earthquake,6.36,1.844,0.062,25,reviewed,spec,us
2025-11-23T08:21:44.503Z,51.3114,-177.0161,33,5.5,mww,115,92,0.471,1,us,us6000rpxa,2026-07-05T08:31:59.345Z,"67 km SSW of Adak, Alaska",earthquake,3.75,1.877,0.053,34,reviewed,us,us
2025-11-21T22:38:09.841Z,49.6656,158.5579,12,5.6,mww,119,57,3.363,0.76,us,us6000rpql,2026-02-20T16:07:33.040Z,"206 km SE of Severo-Kuril’sk, Russia",earthquake,8.18,1.744,0.051,37,reviewed,us,us
2025-11-21T12:37:59.521Z,-24.2434,179.8473,515.967,5.6,mww,93,30,6.68,0.67,us,us6000rpjb,2026-02-20T16:07:33.040Z,"south of the Fiji Islands",earthquake,11.35,7.48,0.071,19,reviewed,us,us
2025-11-21T12:22:04.100Z,39.6845,143.5003,11,5.5,mww,108,100,2.167,0.68,us,us6000rpja,2026-02-20T16:07:33.040Z,"133 km E of Miyako, Japan",earthquake,4.4,1.846,0.065,23,reviewed,us,us
2025-11-20T06:59:44.526Z,-3.7152,128.4005,130.856,5.8,mww,186,34,1.701,0.8,us,us6000rpai,2026-02-20T16:07:31.040Z,"24 km E of Ambon, Indonesia",earthquake,7.61,6.384,0.048,41,reviewed,us,us
2025-11-18T22:36:33.063Z,8.8279,-84.0117,10,5.5,mww,96,84,0.908,0.79,us,us6000rp1a,2026-02-10T15:55:14.040Z,"55 km WSW of Puerto Cortés, Costa Rica",earthquake,5.01,1.68,0.035,77,reviewed,us,us
2025-11-14T19:09:04.006Z,-15.3422,-175.6983,5.177,5.7,mww,205,48,4.049,0.61,us,us6000rnd3,2026-02-10T15:55:09.040Z,"214 km WNW of Hihifo, Tonga",earthquake,7.93,3.523,0.056,31,reviewed,us,us
2025-11-13T09:41:29.102Z,-56.8484,-142.1304,10,5.7,mww,61,56,27.17,0.61,us,us6000rn4x,2026-02-10T15:55:09.040Z,"Pacific-Antarctic Ridge",earthquake,12.87,1.746,0.086,13,reviewed,us,us
2025-11-12T06:03:29.115Z,73.1876,6.4773,10,5.7,mww,138,25,5.119,0.64,us,us6000rmwv,2026-02-10T15:55:07.040Z,"Greenland Sea",earthquake,7.57,1.732,0.052,35,reviewed,us,us
2025-11-10T07:23:17.302Z,39.5665,143.4526,11,6,mww,300,55,2.2,0.42,us,us6000rmk2,2026-01-29T22:05:29.040Z,"129 km E of Yamada, Japan",earthquake,3.12,1.733,0.054,33,reviewed,us,us
2025-11-09T15:21:36.384Z,-55.4099,-128.4853,10,5.6,mww,24,143,32.338,0.93,us,us6000rmge,2026-01-29T22:05:30.040Z,"Pacific-Antarctic Ridge",earthquake,11.93,1.915,0.093,11,reviewed,us,us
2025-11-09T09:28:24.098Z,39.612,143.4497,10,5.7,mww,87,96,2.172,0.67,us,us6000rmex,2026-01-29T22:05:28.040Z,"129 km E of Miyako, Japan",earthquake,4.28,1.681,0.066,22,reviewed,us,us
2025-11-09T08:54:36.914Z,39.4971,143.3097,10,6.4,mww,127,83,2.151,0.64,us,us6000rmep,2026-01-29T22:05:27.040Z,"117 km E of Yamada, Japan",earthquake,5.97,1.781,0.052,35,reviewed,us,us
2025-11-09T08:34:01.979Z,39.4599,143.3924,10,5.6,mww,82,98,2.225,0.66,us,us6000rmeh,2026-01-29T22:05:30.040Z,"124 km E of Yamada, Japan",earthquake,7.15,1.734,0.069,20,reviewed,us,us
2025-11-09T08:14:52.924Z,39.3485,143.4026,10,5.9,mww,88,95,2.3,0.67,us,us6000rmed,2026-01-29T22:05:27.040Z,"125 km E of Yamada, Japan",earthquake,6.02,1.841,0.073,18,reviewed,us,us
2025-11-09T08:11:25.423Z,39.5772,143.2297,10,5.5,mb,96,123,2.054,0.85,us,us6000rmee,2026-01-29T22:05:33.040Z,"110 km E of Yamada, Japan",earthquake,7.76,1.867,0.053,122,reviewed,us,us
2025-11-09T08:03:39.367Z,39.485,143.3782,18,6.8,mww,117,46,2.201,0.73,us,us6000rmea,2026-01-29T22:05:30.040Z,"122 km E of Yamada, Japan",earthquake,7.11,1.831,0.059,28,reviewed,us,us
2025-11-08T22:15:08.771Z,39.5022,143.416,16.186,5.6,mww,102,89,2.214,0.6,us,us6000rmaw,2026-01-29T22:05:30.040Z,"126 km E of Yamada, Japan",earthquake,6.41,3.368,0.057,30,reviewed,us,us
2025-11-08T04:15:03.680Z,-18.5156,-177.797,496.098,5.6,mww,85,34,3.379,0.86,us,us6000rm7z,2026-01-29T22:05:28.040Z,"Fiji region",earthquake,11.09,5.783,0.078,16,reviewed,us,us
2025-11-07T12:04:30.070Z,27.9293,-111.8864,10,5.6,mww,77,54,0.684,0.46,us,us6000rm2p,2026-01-29T22:05:29.040Z,"75 km NNE of Santa Rosalía, Mexico",earthquake,5.22,2.437,0.032,91,reviewed,us,us
2025-11-05T22:03:47.470Z,-57.9633,-25.2205,23,5.6,mww,155,26,16.549,0.67,us,us6000rls2,2026-01-29T22:05:30.040Z,"South Sandwich Islands region",earthquake,11,1.786,0.083,14,reviewed,us,us
2025-11-04T23:49:27.228Z,49.7248,155.8574,71.01,5.7,mww,124,45,3.579,0.55,us,us6000rlji,2026-01-27T17:59:08.040Z,"107 km S of Severo-Kuril’sk, Russia",earthquake,9.7,4.78,0.098,10,reviewed,us,us
2025-11-04T23:32:22.984Z,-0.1246,123.0647,114.629,5.9,mww,136,18,2.592,0.75,us,us6000rlim,2026-01-27T17:59:08.040Z,"73 km S of Gorontalo, Indonesia",earthquake,7.3,2.255,0.048,41,reviewed,us,us
2025-11-04T23:28:59.236Z,52.1115,160.1897,28,6,mww,103,67,1.818,0.63,us,us6000rlik,2026-01-27T17:59:08.040Z,"149 km SE of Petropavlovsk-Kamchatsky, Russia",earthquake,5.72,1.826,0.045,47,reviewed,us,us
2025-11-04T07:37:22.906Z,12.3924,143.1427,65,6,mww,136,30,2.06,0.91,us,us6000rlcd,2026-07-07T07:47:30.938Z,"191 km WSW of Merizo Village, Guam",earthquake,7.65,1.831,0.05,39,reviewed,us,us
2025-11-04T04:45:28.458Z,52.3774,160.2958,10,5.5,mww,243,107,1.74,0.81,us,us6000rlbm,2026-01-27T17:59:07.040Z,"136 km SE of Petropavlovsk-Kamchatsky, Russia",earthquake,9.4,1.782,0.061,26,reviewed,us,us
2025-11-04T03:45:09.865Z,52.1744,160.4064,20,5.9,mww,293,57,1.896,0.78,us,us6000rlbe,2026-01-27T17:59:07.040Z,"155 km SE of Petropavlovsk-Kamchatsky, Russia",earthquake,8.36,1.748,0.041,56,reviewed,us,us
2025-11-03T15:51:54.851Z,-27.4251,-71.4617,24.772,5.5,mww,119,66,0.611,0.76,us,us6000rl7b,2026-01-27T17:59:07.040Z,"111 km W of Copiapó, Chile",earthquake,4.76,3.404,0.073,18,reviewed,us,us
2025-11-03T08:44:43.281Z,52.2143,160.2108,29,6.1,mww,140,77,1.773,0.59,us,us6000rl5i,2026-01-27T17:59:06.040Z,"142 km SE of Petropavlovsk-Kamchatsky, Russia",earthquake,8.63,1.885,0.043,53,reviewed,us,us
2025-11-03T07:11:14.515Z,52.1303,160.2121,35,5.7,mb,38,118,1.818,0.81,us,us6000rpn4,2026-01-27T17:59:12.040Z,"149 km SE of Petropavlovsk-Kamchatsky, Russia",earthquake,6.78,1.927,0.105,32,reviewed,us,us
2025-11-03T07:10:24.638Z,52.2583,160.0415,22,5.9,mww,139,76,1.661,0.68,us,us6000rl55,2026-01-27T17:59:06.040Z,"131 km SE of Petropavlovsk-Kamchatsky, Russia",earthquake,7.69,1.883,0.068,21,reviewed,us,us
2025-11-02T20:29:02.008Z,36.5461,67.3886,28,6.2,mww,118,46,2.47,0.86,us,us6000rl31,2026-07-10T18:27:41.771Z,"30 km SE of Mazār-e Sharīf, Afghanistan",earthquake,6.99,1.878,0.066,22,reviewed,us,us
2025-11-02T19:06:53.955Z,9.6799,122.7895,114.908,5.5,mww,97,29,3.787,0.97,us,us6000rl2n,2026-01-27T17:59:05.040Z,"13 km WSW of Mabinay, Philippines",earthquake,7.85,5.628,0.049,40,reviewed,us,us
2025-10-31T20:53:24.349Z,-45.2902,96.8417,8,5.9,mww,288,27,18.465,0.55,us,us6000rktg,2026-01-27T17:59:03.040Z,"southeast Indian Ridge",earthquake,9.41,1.682,0.054,33,reviewed,us,us
2025-10-30T08:52:04.371Z,-27.447,-178.3345,288.531,5.5,mww,119,72,10.215,0.57,us,us6000rkc0,2026-01-27T17:59:02.040Z,"Kermadec Islands region",earthquake,12.35,7.084,0.062,25,reviewed,us,us
2025-10-29T06:16:45.105Z,-47.2049,-12.216,10,5.5,mww,105,34,16.859,0.53,us,us6000rk4f,2026-01-27T17:59:01.040Z,"southern Mid-Atlantic Ridge",earthquake,11.65,1.799,0.086,13,reviewed,us,us
2025-10-28T14:40:18.481Z,-6.7001,129.9887,142,6.4,mww,263,16,2.165,0.67,us,us6000rjx3,2026-01-15T22:46:59.040Z,"Banda Sea",earthquake,8.34,1.793,0.036,74,reviewed,us,us
2025-10-28T07:06:24.029Z,50.2426,157.3965,31,5.6,mww,97,97,2.876,1.04,us,us6000rjvf,2026-01-15T22:46:58.040Z,"102 km ESE of Severo-Kuril’sk, Russia",earthquake,8.11,1.824,0.065,23,reviewed,us,us
2025-10-27T19:48:28.767Z,39.1937,28.2425,8,6,mww,130,21,1.047,0.6,us,us6000rjsu,2026-01-15T22:46:57.040Z,"7 km SE of Sındırgı, Turkey",earthquake,3.94,1.824,0.042,55,reviewed,us,us
2025-10-27T12:54:59.210Z,16.5156,-59.5269,10,5.7,mww,145,28,1.481,0.68,us,us6000rjqj,2026-01-15T22:46:57.040Z,"166 km E of Beauséjour, Guadeloupe",earthquake,6.48,1.75,0.056,31,reviewed,us,us
2025-10-27T12:38:40.364Z,16.5419,-59.5574,9,6.5,mww,161,21,1.456,0.71,us,us6000rjq8,2026-01-15T22:46:56.040Z,"164 km E of Beauséjour, Guadeloupe",earthquake,6.06,1.83,0.031,101,reviewed,us,us
2025-10-26T17:04:25.617Z,-8.8524,123.9887,75,6.2,mww,108,20,0.938,0.93,us,us6000rjkv,2026-01-15T22:46:55.040Z,"57 km NW of Pante Makasar, Timor Leste",earthquake,3.38,1.931,0.037,72,reviewed,us,us
2025-10-25T23:28:02.544Z,-12.3757,166.4018,34,6,mww,100,54,6.978,0.97,us,us6000rjhm,2026-01-15T22:46:53.040Z,"194 km SSE of Lata, Solomon Islands",earthquake,9.01,1.889,0.047,44,reviewed,us,us
2025-10-24T16:40:09.289Z,42.9716,145.7509,34,5.7,mww,146,60,2.143,1.11,us,us6000rj9f,2026-01-15T22:46:50.040Z,"41 km SSE of Nemuro, Japan",earthquake,8.03,1.811,0.056,31,reviewed,us,us
2025-10-23T11:46:09.743Z,-6.2493,130.9239,85,5.6,mww,119,18,1.993,0.93,us,us6000riuj,2026-01-15T22:46:48.040Z,"213 km WSW of Tual, Indonesia",earthquake,7.38,1.859,0.051,37,reviewed,us,us
2025-10-23T02:31:28.443Z,51.4164,159.4696,16,5.6,mww,97,123,1.687,0.94,us,us6000risn,2026-01-15T22:46:48.040Z,"183 km SSE of Vilyuchinsk, Russia",earthquake,9.98,1.875,0.066,22,reviewed,us,us
2025-10-22T03:57:05.548Z,9.2522,-84.2408,20,5.9,mww,106,123,0.539,1.36,us,us6000ril5,2026-06-10T03:17:03.877Z,"21 km SSW of Quepos, Costa Rica",earthquake,3.58,1.86,0.034,84,reviewed,us,us
2025-10-22T00:05:44.495Z,-3.6137,-79.8408,77.13,5.5,mww,102,28,1.28,0.53,us,us6000rik7,2026-01-15T22:46:45.040Z,"19 km WNW of Piñas, Ecuador",earthquake,6.32,4.537,0.041,56,reviewed,us,us
2025-10-20T11:35:50.891Z,6.9992,127.3725,10,5.8,mww,98,51,1.781,1.35,us,us6000ri9x,2026-01-09T15:38:42.040Z,"93 km ESE of Santiago, Philippines",earthquake,4.4,1.834,0.044,50,reviewed,us,us
2025-10-17T12:15:03.739Z,36.7572,72.8064,8,5.5,mww,110,41,1.574,0.94,us,us6000rhs3,2026-01-09T15:38:39.040Z,"48 km ESE of Khandūd, Afghanistan",earthquake,7.64,1.839,0.063,24,reviewed,us,us
2025-10-16T23:03:12.673Z,9.7909,126.1163,32,6,mww,109,23,2.755,0.89,us,us6000rhns,2026-06-27T07:04:33.609Z,"3 km N of Union, Philippines",earthquake,8.68,1.841,0.044,49,reviewed,us,us
2025-10-16T05:48:52.788Z,-2.168,138.9531,18,6.4,mww,234,17,0.925,0.79,us,us6000rhg5,2026-01-09T15:38:37.040Z,"192 km WNW of Abepura, Indonesia",earthquake,4.37,1.61,0.042,54,reviewed,us,us
2025-10-16T01:42:32.311Z,-59.9658,-61.8649,8,6.3,mww,66,97,4.932,0.8,us,us6000rhf2,2026-01-09T15:38:37.040Z,"Drake Passage",earthquake,6.58,1.817,0.048,41,reviewed,us,us
2025-10-15T11:43:39.780Z,-30.7202,-71.5158,37.151,5.6,mww,183,67,0.113,0.88,us,us6000rh9m,2026-01-09T15:38:37.040Z,"33 km WSW of Ovalle, Chile",earthquake,4.73,6.137,0.073,18,reviewed,us,us
2025-10-14T02:00:11.014Z,7.3744,127.0611,35,5.5,mww,205,55,1.501,0.83,us,us6000rgz6,2026-01-01T23:11:12.040Z,"53 km E of Baculin, Philippines",earthquake,7.77,1.787,0.061,26,reviewed,us,us
2025-10-13T11:11:00.607Z,7.2599,141.5991,10,5.9,mww,167,34,7.063,0.68,us,us6000rgul,2026-01-01T23:11:11.040Z,"State of Yap, Federated States of Micronesia",earthquake,7.82,1.825,0.044,49,reviewed,us,us
2025-10-13T01:10:17.001Z,48.8917,154.9013,60.257,5.5,mb,299,48,4.767,0.76,us,us6000rgst,2026-01-01T23:11:11.040Z,"217 km SSW of Severo-Kuril’sk, Russia",earthquake,9.67,4.7,0.035,278,reviewed,us,us
2025-10-12T17:05:59.511Z,10.9522,123.9606,10,5.8,mww,109,35,4.176,0.85,us,us6000rgrd,2026-03-31T10:07:39.997Z,"4 km ESE of Tambongon, Philippines",earthquake,9.16,1.831,0.042,54,reviewed,us,us
2025-10-11T16:18:25.614Z,13.8064,39.8822,10,5.6,mww,229,34,3.672,0.65,us,us6000rglb,2026-01-01T23:11:09.040Z,"55 km NE of Mek'ele, Ethiopia",earthquake,8.11,1.808,0.065,23,reviewed,us,us
2025-10-11T14:32:59.312Z,8.9231,126.323,67.657,6,mww,123,27,1.983,0.86,us,us6000rgkr,2026-06-27T07:10:32.516Z,"3 km ESE of Bacolod, Philippines",earthquake,8.91,4.488,0.039,62,reviewed,us,us
2025-10-11T13:07:59.404Z,-56.2675,-26.4357,44.856,5.6,mb,79,46,6.079,0.87,us,us6000rgk9,2026-01-01T23:11:09.040Z,"South Sandwich Islands region",earthquake,8.91,4.716,0.054,120,reviewed,us,us
2025-10-11T12:25:56.543Z,50.2419,156.7337,48,5.8,mww,99,116,2.933,1.2,us,us6000rgjt,2026-01-01T23:11:09.040Z,"64 km SE of Severo-Kuril’sk, Russia",earthquake,9.99,1.945,0.073,18,reviewed,us,us
2025-10-11T10:27:20.842Z,7.2849,126.8271,31,5.5,mww,98,26,1.257,0.81,us,us6000rgj4,2026-01-01T23:11:09.040Z,"28 km E of Santiago, Philippines",earthquake,7.31,1.875,0.071,19,reviewed,us,us
2025-10-11T08:06:44.303Z,-56.2003,-26.3886,51.03,5.5,mb,107,68,6.088,0.87,us,us6000rgil,2026-01-01T23:11:08.040Z,"South Sandwich Islands region",earthquake,10.73,6.259,0.057,106,reviewed,us,us
2025-10-11T03:08:44.747Z,53.2897,159.6701,75.086,5.7,mb,133,30,0.67,0.68,us,us6000rghy,2026-01-01T23:11:08.040Z,"74 km ENE of Petropavlovsk-Kamchatsky, Russia",earthquake,6.32,4.567,0.019,987,reviewed,us,us
2025-10-10T21:28:42.322Z,-60.0663,-62.3619,10,5.7,mb,54,95,7.641,0.64,us,us6000rgge,2026-01-01T23:11:08.040Z,"Drake Passage",earthquake,8.88,1.493,0.06,101,reviewed,us,us
2025-10-10T20:29:20.075Z,-60.1875,-61.8164,5.639,7.6,mww,402,12,4.719,0.57,us,us6000rgf4,2026-01-01T23:11:08.040Z,"Drake Passage",earthquake,7.29,2.011,0.034,84,reviewed,us,us
2025-10-10T11:16:01.408Z,50.3065,156.5865,66.9,5.6,mb,75,71,2.89,0.76,us,us6000rg2s,2026-01-01T23:11:07.040Z,"52 km SE of Severo-Kuril’sk, Russia",earthquake,9.87,5.236,0.021,765,reviewed,us,us
2025-10-10T11:12:05.407Z,7.2127,126.6578,47,6.7,mww,129,25,1.08,1.09,us,us6000rg2r,2026-07-06T23:57:39.879Z,"12 km SE of Santiago, Philippines",earthquake,7.64,1.924,0.041,57,reviewed,us,us
2025-10-10T03:32:16.463Z,7.073,126.8243,72.22,5.5,mb,114,101,1.236,0.98,us,us6000rg02,2026-01-01T23:11:06.040Z,"35 km ESE of Manay, Philippines",earthquake,4.18,6.465,0.045,171,reviewed,us,us
2025-10-10T02:11:45.318Z,7.0145,126.7102,67.847,5.6,mb,237,44,1.124,0.67,us,us6000rfyw,2026-01-01T23:11:06.040Z,"27 km ESE of San Ignacio, Philippines",earthquake,7.29,4.943,0.044,184,reviewed,us,us
2025-10-10T02:08:10.652Z,-3.0764,147.9714,10,6.3,mww,245,16,1.191,0.53,us,us6000rfye,2026-01-01T23:11:06.040Z,"139 km SE of Lorengau, Papua New Guinea",earthquake,6.66,1.736,0.069,20,reviewed,us,us
2025-10-10T01:51:15.525Z,7.0654,126.8348,63.43,5.9,mb,170,66,1.246,0.64,us,us6000rfx2,2026-01-01T23:11:06.040Z,"36 km ESE of Manay, Philippines",earthquake,8.81,5.292,0.051,142,reviewed,us,us
2025-10-10T01:43:59.585Z,7.2866,126.6902,59.425,7.4,mww,291,19,1.123,0.6,us,us6000rfwz,2026-06-27T07:11:51.320Z,"12 km E of Santiago, Philippines",earthquake,7.79,4.306,0.024,164,reviewed,us,us
2025-10-09T13:28:44.543Z,51.6683,158.2328,56.51,6.1,mww,264,50,1.381,0.69,us,us6000rft9,2026-01-01T23:11:05.040Z,"121 km E of Ozernovskiy, Russia",earthquake,7.86,4.391,0.043,52,reviewed,us,us
2025-10-09T05:17:40.662Z,30.8826,99.8979,10,5.5,mww,151,34,5.973,0.52,us,us6000rfs1,2026-01-01T23:11:05.040Z,"208 km N of Daocheng, China",earthquake,4.68,1.804,0.063,24,reviewed,us,us
2025-10-08T03:50:46.776Z,-57.744,-24.2683,10,5.6,mww,102,70,7.674,0.9,us,us6000rfjc,2026-01-01T23:11:04.040Z,"South Sandwich Islands region",earthquake,10.35,1.841,0.089,12,reviewed,us,us
2025-10-07T22:36:17.688Z,-15.5734,168.1814,10,5.7,mww,103,22,6.182,0.85,us,us6000rfhk,2025-12-19T22:50:24.040Z,"100 km ENE of Norsup, Vanuatu",earthquake,8.98,1.734,0.061,26,reviewed,us,us
2025-10-07T11:05:17.136Z,-6.7359,146.8404,98,6.6,mww,211,36,2.67,0.55,us,us6000rfb2,2025-12-19T22:50:22.040Z,"17 km W of Lae, Papua New Guinea",earthquake,7.06,1.889,0.035,79,reviewed,us,us
2025-10-06T12:08:42.490Z,-21.1011,175.5205,581.934,5.6,mww,127,44,4.106,0.84,us,us6000rf2j,2025-12-19T22:50:13.040Z,"south of the Fiji Islands",earthquake,10.44,3.398,0.078,16,reviewed,us,us
2025-10-04T15:21:10.042Z,37.4213,141.5524,54.164,5.9,mww,298,16,2.817,0.51,us,us6000resn,2025-12-19T22:49:58.040Z,"48 km ENE of Tomioka, Japan",earthquake,6.5,4.245,0.04,61,reviewed,us,us
2025-10-04T09:02:03.232Z,8.3588,-103.8947,10,5.5,mww,49,199,10.517,0.89,us,us6000rerp,2025-12-19T22:49:56.040Z,"northern East Pacific Rise",earthquake,10.99,1.956,0.048,42,reviewed,us,us
2025-10-03T16:07:44.844Z,51.6275,159.9083,19,6.1,mww,106,100,1.597,0.73,us,us6000rei1,2025-12-19T22:49:51.040Z,"177 km SE of Vilyuchinsk, Russia",earthquake,8.48,1.801,0.041,58,reviewed,us,us
2025-10-02T21:37:57.993Z,-27.0643,-63.3875,559.2,5.7,mww,102,33,5.324,0.62,us,us6000recz,2025-12-19T22:49:46.040Z,"15 km WSW of El Hoyo, Argentina",earthquake,10.11,6.338,0.043,51,reviewed,us,us
2025-10-01T13:49:49.750Z,-7.322,128.3436,146.835,5.6,mww,144,18,4.701,0.67,us,us6000rdz7,2025-12-19T22:49:37.040Z,"199 km NE of Lospalos, Timor Leste",earthquake,7.49,6.173,0.043,53,reviewed,us,us
2025-09-30T16:49:43.533Z,-7.2032,114.1844,19.498,6,mww,293,24,1.259,0.67,us,us6000rdta,2025-12-11T21:40:44.040Z,"31 km ESE of Kalianget, Indonesia",earthquake,5.28,2.837,0.093,11,reviewed,us,us
2025-09-30T13:59:43.328Z,11.1557,124.111,10,6.9,mww,192,15,4.311,0.71,us,us6000rdrz,2026-06-28T04:44:09.059Z,"8 km ESE of Calape, Philippines",earthquake,7.75,1.73,0.04,59,reviewed,us,us
2025-09-29T22:07:23.711Z,52.9637,159.9446,42,5.5,mww,101,60,0.785,0.84,us,us6000rdnq,2025-12-11T21:40:40.040Z,"89 km E of Petropavlovsk-Kamchatsky, Russia",earthquake,8.76,1.892,0.062,25,reviewed,us,us
2025-09-28T08:53:01.242Z,-23.8765,178.8114,573.583,5.5,mww,58,71,6.142,0.94,us,us6000rdex,2025-12-11T21:40:39.040Z,"south of the Fiji Islands",earthquake,12.8,7.959,0.083,14,reviewed,us,us
2025-09-27T08:10:48.598Z,-13.6974,166.7322,33,5.5,mww,142,50,7.205,0.81,us,us6000rdan,2025-12-11T21:40:41.040Z,"90 km WNW of Sola, Vanuatu",earthquake,8.19,1.873,0.063,24,reviewed,us,us
2025-09-26T06:45:28.067Z,43.4524,-127.3203,10,5.9,mww,85,167,2.395,0.81,us,us6000rd1w,2026-07-10T06:55:29.827Z,"239 km W of Bandon, Oregon",earthquake,8.6,1.886,0.037,69,reviewed,us,us
2025-09-25T10:16:24.902Z,17.9793,-105.8786,10,5.7,mww,82,118,2.375,1,us,us6000rcsb,2025-12-11T21:40:38.040Z,"183 km SSW of Emiliano Zapata, Mexico",earthquake,7.71,1.874,0.044,49,reviewed,us,us
2025-09-25T03:51:39.565Z,9.9355,-70.7081,14,6.3,mww,113,27,1.048,0.94,us,us6000rcqw,2025-12-11T21:40:39.040Z,"25 km ENE of Mene Grande, Venezuela",earthquake,5.72,1.815,0.027,130,reviewed,us,us
2025-09-24T22:21:55.716Z,9.8668,-70.8781,9,6.2,mww,317,17,1.006,0.67,us,us6000rcnw,2025-12-11T21:40:44.040Z,"5 km ENE of Mene Grande, Venezuela",earthquake,5.41,1.684,0.038,66,reviewed,us,us
2025-09-23T17:39:19.799Z,-15.7737,-75.2969,12,5.6,mww,137,83,4.052,0.7,us,us6000rcdc,2025-12-06T16:00:09.040Z,"47 km SSW of San Juan, Peru",earthquake,8.47,1.772,0.073,18,reviewed,us,us
2025-09-22T18:18:53.733Z,51.5235,159.4482,17,5.6,mww,124,77,1.58,0.91,us,us6000rc4t,2025-12-06T16:00:07.040Z,"172 km SSE of Vilyuchinsk, Russia",earthquake,9.32,1.84,0.057,30,reviewed,us,us
2025-09-22T16:28:54.550Z,51.5296,159.5182,17,5.5,mww,90,120,1.588,0.83,us,us6000rc2r,2025-12-06T16:00:07.040Z,"173 km SSE of Vilyuchinsk, Russia",earthquake,8.75,1.854,0.069,20,reviewed,us,us
2025-09-21T09:30:27.862Z,51.1987,-178.0221,30,5.5,mww,155,42,0.563,0.99,us,us7000qxp1,2026-07-05T09:40:34.770Z,"122 km SW of Adak, Alaska",earthquake,3.92,1.808,0.046,46,reviewed,us,us
2025-09-21T01:13:35.389Z,52.9362,161.0947,10,5.6,mww,112,78,1.481,1.24,us,us7000qxm7,2025-12-06T16:00:25.040Z,"166 km E of Petropavlovsk-Kamchatsky, Russia",earthquake,8.77,1.782,0.045,48,reviewed,us,us
2025-09-19T15:45:35.090Z,52.9112,161.2436,13,5.9,mww,110,72,1.573,0.89,us,us7000qxcr,2025-12-06T16:00:23.040Z,"176 km E of Petropavlovsk-Kamchatsky, Russia",earthquake,8.1,1.815,0.048,41,reviewed,us,us
2025-09-19T14:55:40.913Z,51.2463,157.8629,58.287,6,mb,121,72,1.845,0.96,us,us6000rge8,2025-12-06T16:00:14.040Z,"98 km ESE of Ozernovskiy, Russia",earthquake,11.18,6.932,0.023,692,reviewed,us,us
2025-09-19T14:55:24.833Z,51.1828,157.9936,45,5.9,mww,87,42,1.887,1.32,us,us7000qxcd,2025-12-06T16:00:23.040Z,"109 km ESE of Ozernovskiy, Russia",earthquake,9.06,1.898,0.046,45,reviewed,us,us
2025-09-19T13:27:04.406Z,52.2418,160.6452,10,5.5,mww,75,126,1.446,0.7,us,us7000qxat,2025-12-06T16:00:23.040Z,"164 km SE of Petropavlovsk-Kamchatsky, Russia",earthquake,8.87,1.862,0.073,18,reviewed,us,us
2025-09-19T04:55:56.775Z,-20.2393,-69.258,96.269,5.5,mww,78,80,0.139,1.17,us,us7000qx7a,2025-12-06T16:00:21.040Z,"42 km ENE of La Tirana, Chile",earthquake,4.81,3.438,0.083,14,reviewed,us,us
2025-09-18T22:37:10.562Z,53.0067,160.8847,35,5.5,mb,111,105,1.35,0.86,us,us7000qx52,2025-12-06T16:00:21.040Z,"151 km E of Petropavlovsk-Kamchatsky, Russia",earthquake,7.5,1.861,0.02,843,reviewed,us,us
2025-09-18T21:37:55.577Z,52.9373,160.7052,47.898,5.7,mb,88,147,1.246,0.77,us,us7000qx4q,2025-12-06T16:00:21.040Z,"140 km E of Petropavlovsk-Kamchatsky, Russia",earthquake,9.41,6.148,0.05,144,reviewed,us,us
2025-09-18T20:17:44.835Z,52.9284,160.7605,35.714,5.5,mb,123,76,1.28,0.68,us,us7000qx3d,2025-12-06T16:00:20.040Z,"144 km E of Petropavlovsk-Kamchatsky, Russia",earthquake,8.97,6.466,0.029,426,reviewed,us,us
2025-09-18T20:03:02.493Z,52.4163,160.6915,10,5.6,mb,109,102,1.383,0.95,us,us7000qx33,2025-12-06T16:00:20.040Z,"156 km ESE of Petropavlovsk-Kamchatsky, Russia",earthquake,9.4,1.856,0.038,242,reviewed,us,us
2025-09-18T19:26:37.834Z,52.7596,160.965,10,5.5,mb,119,92,1.427,0.69,us,us7000qx2s,2025-12-06T16:00:20.040Z,"160 km ESE of Petropavlovsk-Kamchatsky, Russia",earthquake,9.02,1.783,0.039,225,reviewed,us,us
2025-09-18T19:08:19.904Z,52.9863,160.7735,10,5.8,mb,115,80,1.284,0.61,us,us7000qx2q,2025-12-06T16:00:20.040Z,"144 km E of Petropavlovsk-Kamchatsky, Russia",earthquake,9.7,1.54,0.041,219,reviewed,us,us
2025-09-18T18:58:14.939Z,53.1426,160.7206,27,7.8,mww,212,76,1.255,1.07,us,us7000qx2g,2025-12-06T16:41:30.345Z,"140 km E of Petropavlovsk-Kamchatsky, Russia",earthquake,7.91,1.88,0.024,173,reviewed,us,us
2025-09-18T18:19:49.220Z,-3.5961,135.4658,28,6,mww,96,36,1.262,0.95,us,us7000qx1z,2025-12-06T16:00:20.040Z,"26 km S of Nabire, Indonesia",earthquake,6.33,1.883,0.046,46,reviewed,us,us
2025-09-16T16:59:46.550Z,-5.5179,153.7354,31,6,mww,191,21,2.047,0.95,us,us7000qwir,2025-12-09T14:18:14.040Z,"208 km SE of Kokopo, Papua New Guinea",earthquake,8.73,1.789,0.042,55,reviewed,us,us
2025-09-15T16:34:35.213Z,52.6973,160.6791,15,6,mww,174,92,1.273,0.66,us,us7000qwch,2025-12-03T03:58:39.040Z,"144 km ESE of Petropavlovsk-Kamchatsky, Russia",earthquake,7.1,1.78,0.069,20,reviewed,us,us
2025-09-14T11:11:51.373Z,26.7097,92.2103,29,5.5,mww,215,20,3.132,0.81,us,us7000qw56,2025-12-03T03:58:30.040Z,"11 km ESE of Udalguri, India",earthquake,7.83,1.8,0.103,9,reviewed,us,us
2025-09-13T02:37:56.761Z,53.1969,160.1901,58,7.4,mww,298,25,0.945,0.74,us,us7000qvw5,2025-12-03T03:58:17.040Z,"105 km E of Petropavlovsk-Kamchatsky, Russia",earthquake,7.75,1.868,0.033,89,reviewed,us,us
2025-09-12T17:46:45.860Z,-39.4342,-15.621,10,5.6,mww,147,55,3.514,0.53,us,us7000qvrf,2025-12-03T03:58:12.040Z,"Tristan da Cunha region",earthquake,7.66,1.373,0.089,12,reviewed,us,us
2025-09-09T04:08:01.584Z,42.36,-126.5618,10,5.7,mww,203,105,1.641,0.76,us,us7000quwy,2026-07-07T04:23:02.863Z,"174 km WSW of Port Orford, Oregon",earthquake,6.71,1.811,0.038,65,reviewed,us,us
2025-09-08T21:47:48.117Z,-21.0025,173.7046,10,6.4,mww,84,48,5.229,0.61,us,us7000quvp,2025-11-30T23:40:51.040Z,"Vanuatu region",earthquake,7.64,1.753,0.036,76,reviewed,us,us
2025-09-04T16:56:26.361Z,34.6972,70.758,16.505,5.6,mww,124,23,1.351,0.81,us,us7000qtst,2025-11-30T23:39:55.040Z,"40 km WSW of Asadābād, Afghanistan",earthquake,5.12,20.127,0.063,24,reviewed,us,us
2025-09-04T04:10:19.917Z,-24.1304,-67.1572,182,5.9,mww,117,41,1.502,1.32,us,us7000qtpj,2025-11-30T23:39:47.040Z,"85 km W of San Antonio de los Cobres, Argentina",earthquake,6.86,1.874,0.037,71,reviewed,us,us
2025-09-03T20:57:47.645Z,52.207,-169.5044,18,5.9,mww,192,43,0.596,0.7,us,us7000qtm0,2026-07-08T21:07:53.437Z,"92 km SSW of Nikolski, Alaska",earthquake,6.1,1.746,0.04,61,reviewed,us,us
2025-09-01T11:02:09.766Z,56.2482,-151.9738,12,5.6,mww,,,,0.57,ak,ak025b7povrc,2026-07-06T11:12:10.586Z,"133 km SE of Old Harbor, Alaska",earthquake,,2.6,,,reviewed,ak,ak
2025-08-31T19:17:34.124Z,34.7106,70.8087,8,6,mww,152,20,1.394,0.68,us,us7000qsvj,2026-07-10T18:26:21.692Z,"35 km WSW of Asadābād, Afghanistan",earthquake,4.52,2.736,0.057,30,reviewed,us,us
2025-08-31T16:24:27.451Z,-58.3758,-25.6202,67.461,5.6,mww,84,65,7.299,0.7,us,us7000qsu5,2025-11-19T21:59:47.040Z,"South Sandwich Islands region",earthquake,10.45,4.366,0.073,18,reviewed,us,us
2025-08-30T20:09:27.619Z,-11.5525,166.3607,60.034,5.5,mww,87,60,3.957,0.66,us,us7000qsly,2025-11-19T21:59:45.040Z,"110 km SE of Lata, Solomon Islands",earthquake,10.41,5.336,0.059,28,reviewed,us,us
2025-08-29T16:29:22.449Z,38.4534,142.0646,51.698,5.5,mww,157,38,2.457,0.66,us,us7000qrw3,2025-11-19T21:59:43.040Z,"53 km E of Onagawa Chō, Japan",earthquake,7.77,4.826,0.048,41,reviewed,us,us
2025-08-28T11:07:48.125Z,52.1251,179.9386,130,5.9,mww,154,31,0.256,1.17,us,us7000qrj0,2026-07-09T11:17:53.762Z,"237 km W of Adak, Alaska",earthquake,5.6,1.78,0.034,82,reviewed,us,us
2025-08-27T03:49:50.441Z,50.7675,157.4273,40,6,mww,160,118,2.349,0.91,us,us7000qr8h,2025-11-19T21:59:40.040Z,"92 km E of Severo-Kuril’sk, Russia",earthquake,9,1.937,0.036,73,reviewed,us,us
2025-08-26T01:32:50.378Z,-17.8109,-178.5196,614.102,5.6,mww,234,55,2.414,0.83,us,us7000qqxt,2025-11-12T16:25:44.040Z,"230 km E of Levuka, Fiji",earthquake,11.03,5.32,0.086,13,reviewed,us,us
2025-08-25T22:13:11.671Z,49.1051,156.0996,31,5.6,mww,130,54,4.133,0.69,us,us7000qqx7,2025-11-12T16:25:44.040Z,"174 km S of Severo-Kuril’sk, Russia",earthquake,9.88,1.81,0.073,18,reviewed,us,us
2025-08-25T06:48:34.819Z,49.3726,160.0428,9,6.1,mww,175,46,3.759,0.77,us,us6000r3l7,2025-11-12T16:25:41.040Z,"east of the Kuril Islands",earthquake,7.7,1.838,0.047,43,reviewed,us,us
2025-08-23T12:24:53.914Z,2.0106,96.5997,18,5.8,mww,94,54,1.202,0.95,us,us6000r3bg,2025-11-12T16:25:38.040Z,"57 km SSE of Sinabang, Indonesia",earthquake,7.08,1.828,0.069,20,reviewed,us,us
2025-08-23T09:14:22.210Z,13.0601,-90.4343,17,6,mww,76,120,1.052,1.34,us,us6000r3at,2025-11-12T16:25:38.040Z,"88 km SW of Acajutla, El Salvador",earthquake,6.08,1.801,0.032,95,reviewed,us,us
2025-08-23T00:10:54.678Z,-24.6736,-175.8881,10,5.5,mww,60,127,4.916,0.68,us,us6000r385,2025-11-12T16:25:37.040Z,"south of Tonga",earthquake,5.16,1.868,0.073,18,reviewed,us,us
2025-08-22T02:16:18.246Z,-60.3187,-61.9221,10,7.5,mww,101,64,4.579,1.02,us,us6000r2xq,2025-11-12T16:25:36.040Z,"2025 Southern Drake Passage Earthquake",earthquake,9.63,1.726,0.041,58,reviewed,us,us
2025-08-21T22:34:44.484Z,38.757,142.309,40,5.6,mww,98,123,2.245,0.95,us,us6000r2uz,2025-11-12T16:25:36.040Z,"62 km SE of Ōfunato, Japan",earthquake,6.09,1.941,0.051,37,reviewed,us,us
2025-08-21T11:21:03.945Z,51.8817,160.125,10,5.8,mww,110,67,1.457,0.98,us,us6000r2s3,2025-11-12T16:25:36.040Z,"165 km SE of Vilyuchinsk, Russia",earthquake,7.93,1.779,0.056,31,reviewed,us,us
2025-08-18T23:03:09.204Z,-24.3735,-175.9688,12,5.6,mww,74,75,7.701,0.65,us,us6000r1yq,2025-11-04T16:43:58.040Z,"south of Tonga",earthquake,11.51,1.789,0.075,17,reviewed,us,us
2025-08-18T07:10:12.806Z,-44.7541,-79.9408,10,5.6,mww,94,135,4.581,0.6,us,us6000r1ud,2025-11-04T16:43:54.040Z,"Off the coast of Aisen, Chile",earthquake,11.8,1.889,0.046,46,reviewed,us,us
2025-08-17T15:03:12.628Z,2.1675,127.1307,20.1,5.5,mww,66,97,1.406,0.7,us,us6000r1qp,2025-11-04T16:43:51.040Z,"109 km WNW of Tobelo, Indonesia",earthquake,6.35,4.17,0.098,10,reviewed,us,us
2025-08-16T22:38:52.030Z,-1.2749,120.7206,8,5.8,mww,107,21,1.327,1.09,us,us6000r1n3,2025-11-04T16:43:49.040Z,"13 km NNW of Poso, Indonesia",earthquake,4.01,1.827,0.057,30,reviewed,us,us
2025-08-16T21:13:14.873Z,32.0131,131.811,30,5.5,mww,155,47,1.261,0.85,us,us6000r1mt,2025-11-04T16:43:49.040Z,"32 km ESE of Takanabe, Japan",earthquake,5.39,1.855,0.048,42,reviewed,us,us
2025-08-16T12:08:24.075Z,-23.1833,170.8077,11,5.6,mww,72,83,3.151,0.66,us,us6000r1l5,2025-11-04T16:43:47.040Z,"southeast of the Loyalty Islands",earthquake,7.96,1.87,0.06,27,reviewed,us,us
2025-08-15T10:11:52.133Z,52.7866,159.9421,43,5.7,mww,239,25,0.818,0.79,us,us6000r0yd,2025-11-04T16:43:43.040Z,"93 km ESE of Petropavlovsk-Kamchatsky, Russia",earthquake,7.06,1.894,0.053,34,reviewed,us,us
2025-08-14T16:22:34.235Z,-11.6933,166.2048,44.99,6.3,mww,102,48,6.547,0.79,us,us6000r0sa,2025-11-04T16:43:38.040Z,"115 km SSE of Lata, Solomon Islands",earthquake,8.62,3.089,0.038,66,reviewed,us,us
2025-08-14T04:38:16.447Z,-18.4141,-172.5723,24,5.6,mww,87,32,2.591,0.69,us,us6000r0l4,2025-11-04T16:43:36.040Z,"151 km E of Neiafu, Tonga",earthquake,9.97,1.875,0.103,9,reviewed,us,us
2025-08-12T13:41:28.882Z,-15.2362,-173.3285,36,5.6,mww,122,50,2.849,0.81,us,us6000r03i,2026-03-04T19:34:47.906Z,"93 km NNE of Hihifo, Tonga",earthquake,6.07,1.889,0.103,9,reviewed,us,us
2025-08-12T08:24:23.409Z,-2.0302,138.966,14,6.3,mww,134,21,0.968,1.04,us,us6000r01m,2025-10-25T13:40:42.040Z,"195 km WNW of Abepura, Indonesia",earthquake,5.2,1.633,0.053,34,reviewed,us,us
2025-08-11T02:20:59.773Z,14.8228,-94.3855,9,5.8,mww,222,88,2.608,0.64,us,us6000qzqn,2025-10-25T13:40:39.040Z,"138 km SW of Manuel Ávila Camacho (Ponte Duro), Mexico",earthquake,7.82,1.765,0.029,111,reviewed,us,us
2025-08-10T16:53:47.260Z,39.3709,28.0168,10,6.1,mww,149,17,0.823,0.83,us,us6000qznb,2025-10-27T20:16:03.954Z,"10 km WSW of Bigadiç, Turkey",earthquake,4.3,1.707,0.036,75,reviewed,us,us
2025-08-10T04:56:49.867Z,12.9438,145.6375,16,5.9,mww,102,75,0.986,1.24,us,us6000qzki,2026-07-05T05:06:56.707Z,"103 km ESE of Inarajan Village, Guam",earthquake,7.78,1.833,0.063,24,reviewed,us,us
2025-08-09T20:40:57.876Z,13.48,-92.3994,9,5.9,mww,128,86,1.35,0.99,us,us6000qzin,2025-10-25T13:40:36.040Z,"104 km SSW of Champerico, Guatemala",earthquake,7.43,1.861,0.031,99,reviewed,us,us
2025-08-09T14:04:07.171Z,50.0723,159.7364,11,6,mww,147,28,3.032,0.71,us,us6000qzh9,2025-10-25T13:40:35.040Z,"265 km ESE of Severo-Kuril’sk, Russia",earthquake,8.65,1.72,0.036,73,reviewed,us,us
2025-08-07T16:33:59.672Z,-4.2241,152.9274,19,5.9,mww,110,32,0.762,0.96,us,us6000qywk,2025-10-25T13:40:31.040Z,"74 km E of Kokopo, Papua New Guinea",earthquake,7.43,1.752,0.05,39,reviewed,us,us
2025-08-07T07:45:05.200Z,24.6133,122.9664,113.505,5.5,mww,154,22,0.151,0.9,us,us6000qyt7,2025-10-25T13:40:30.040Z,"16 km NNW of Yonakuni, Japan",earthquake,7.06,5.709,0.061,26,reviewed,us,us
2025-08-06T10:43:11.088Z,51.4249,159.6929,10,5.5,mww,175,70,1.725,0.86,us,us6000qyki,2025-10-25T13:40:28.040Z,"189 km SSE of Vilyuchinsk, Russia",earthquake,7.81,1.806,0.073,18,reviewed,us,us
2025-08-06T10:35:08.011Z,51.5638,159.448,16,5.8,mww,218,73,1.542,0.64,us,us6000qykf,2025-10-25T13:40:28.040Z,"167 km SSE of Vilyuchinsk, Russia",earthquake,8.21,1.839,0.061,26,reviewed,us,us
2025-08-05T09:23:51.280Z,18.1665,-68.3226,168,5.7,ml,29,184,0.3523,0.46,pr,pr2025217000,2025-10-17T22:51:42.040Z,"38 km SE of Boca de Yuma, Dominican Republic",earthquake,4.76,1.86,0.12,23,reviewed,pr,pr
2025-08-05T05:06:47.092Z,28.0709,59.0117,76.745,5.6,mww,146,34,4.002,0.83,us,us6000qy6g,2025-10-17T22:51:42.040Z,"131 km SSE of Bam, Iran",earthquake,8.91,4.331,0.093,11,reviewed,us,us
2025-08-04T04:20:54.562Z,48.8586,156.3666,16,6.2,mww,127,86,4.338,0.98,us,us6000qxzw,2025-10-17T22:51:42.040Z,"202 km S of Severo-Kuril’sk, Russia",earthquake,10.28,1.772,0.044,50,reviewed,us,us
2025-08-03T18:07:33.204Z,52.4978,160.6678,9,5.6,mww,149,43,1.334,0.67,us,us6000qxxc,2025-10-17T22:51:42.040Z,"151 km ESE of Petropavlovsk-Kamchatsky, Russia",earthquake,8.79,1.836,0.063,24,reviewed,us,us
2025-08-03T14:26:45.416Z,52.4283,160.6912,10,5.6,mww,102,50,1.377,0.74,us,us6000qxvr,2025-10-17T22:51:42.040Z,"156 km ESE of Petropavlovsk-Kamchatsky, Russia",earthquake,8.65,1.805,0.098,10,reviewed,us,us
2025-08-03T05:37:55.148Z,50.5853,157.8643,30,6.8,mww,117,43,2.49,1.05,us,us6000qxt4,2025-10-17T22:51:42.040Z,"123 km E of Severo-Kuril’sk, Russia",earthquake,6.3,1.869,0.053,34,reviewed,us,us
2025-08-03T04:57:10.505Z,-55.2284,-128.6508,10,6.3,mww,67,34,30.434,0.82,us,us6000qxsv,2025-10-17T22:51:42.040Z,"Pacific-Antarctic Ridge",earthquake,11.97,1.811,0.068,21,reviewed,us,us
2025-08-03T02:26:17.530Z,-55.3641,-127.8359,10,5.8,mww,31,65,32.522,1.17,us,us6000qxsd,2025-10-17T22:51:42.040Z,"Pacific-Antarctic Ridge",earthquake,9.2,1.85,0.086,13,reviewed,us,us
2025-08-02T17:58:45.419Z,17.1124,-96.2645,62.566,5.8,mww,275,42,0.45,0.93,us,us6000qxpd,2025-10-17T22:51:42.040Z,"4 km S of Xagacía, Mexico",earthquake,4.68,3.909,0.034,82,reviewed,us,us
2025-08-02T14:14:03.328Z,51.5911,159.4631,17,6,mww,111,85,1.519,0.61,us,us6000qxn6,2025-10-17T22:51:42.040Z,"165 km SSE of Vilyuchinsk, Russia",earthquake,8.65,0.86,0.069,20,reviewed,us,us
2025-08-01T20:08:12.598Z,50.4404,156.3974,79.264,5.6,mb,184,43,2.791,0.64,us,us6000qxi9,2025-10-17T22:51:42.040Z,"32 km SE of Severo-Kuril’sk, Russia",earthquake,8.6,6.891,0.029,417,reviewed,us,us
2025-08-01T18:53:10.397Z,52.7977,161.4392,10,5.5,mb,194,56,1.704,0.77,us,us6000qxgb,2025-10-17T22:51:42.040Z,"191 km E of Petropavlovsk-Kamchatsky, Russia",earthquake,7.41,1.713,0.02,848,reviewed,us,us
2025-08-01T18:20:45.177Z,50.2099,159.0659,10,6.1,mww,213,28,2.829,0.71,us,us6000qxfn,2025-10-17T22:51:42.040Z,"215 km ESE of Severo-Kuril’sk, Russia",earthquake,7.26,1.726,0.05,39,reviewed,us,us
2025-08-01T13:44:14.297Z,51.9877,158.3749,23,5.6,mww,107,112,1.051,0.67,us,us6000qxae,2025-10-17T22:51:42.040Z,"104 km S of Vilyuchinsk, Russia",earthquake,8.17,1.878,0.065,23,reviewed,us,us
2025-08-01T11:57:23.128Z,51.7269,160.0431,19,5.9,mww,144,64,1.554,0.93,us,us6000qx9r,2025-10-17T22:51:42.040Z,"174 km SE of Vilyuchinsk, Russia",earthquake,7.84,1.848,0.055,32,reviewed,us,us
2025-08-01T10:54:58.030Z,50.527,157.8481,23,5.7,mww,175,113,2.549,0.62,us,us6000qx98,2025-10-17T22:51:42.040Z,"122 km E of Severo-Kuril’sk, Russia",earthquake,8.24,1.889,0.056,31,reviewed,us,us
2025-08-01T08:34:25.369Z,52.8059,160.146,28,5.7,mww,113,85,0.932,1.33,us,us6000qx8k,2025-10-17T22:51:42.040Z,"106 km ESE of Petropavlovsk-Kamchatsky, Russia",earthquake,8.34,1.852,0.068,21,reviewed,us,us
2025-07-31T20:36:03.253Z,52.5859,160.9806,14,5.7,mww,135,78,1.481,0.94,us,us6000qx2r,2025-10-17T22:51:42.040Z,"167 km ESE of Petropavlovsk-Kamchatsky, Russia",earthquake,7.73,1.844,0.071,19,reviewed,us,us
2025-07-31T07:42:42.827Z,49.871,157.4706,43.871,5.5,mb,147,58,3.242,0.93,us,us6000qwvb,2025-10-17T22:51:42.040Z,"131 km SE of Severo-Kuril’sk, Russia",earthquake,8.28,6.198,0.021,818,reviewed,us,us
2025-07-31T05:31:25.745Z,52.6604,160.6055,48.152,5.6,mb,38,65,1.241,0.8,us,us6000r2f0,2025-10-17T22:51:42.040Z,"140 km ESE of Petropavlovsk-Kamchatsky, Russia",earthquake,10.56,6.868,0.103,33,reviewed,us,us
2025-07-31T05:27:14.789Z,49.5,158.6499,15,6.2,mww,268,38,3.528,0.57,us,us6000qwuh,2025-10-17T22:51:42.040Z,"222 km SE of Severo-Kuril’sk, Russia",earthquake,7.82,1.828,0.059,28,reviewed,us,us
2025-07-30T23:15:30.093Z,52.4118,160.7681,10,5.8,mwb,234,30,1.427,0.9,us,us6000qwrs,2025-10-17T22:51:42.040Z,"161 km ESE of Petropavlovsk-Kamchatsky, Russia",earthquake,7.7,1.685,0.04,61,reviewed,us,us
2025-07-30T21:51:11.837Z,52.2321,160.2649,17,5.7,mwb,232,100,1.264,0.69,us,us6000qwr5,2025-10-17T22:51:42.040Z,"144 km SE of Petropavlovsk-Kamchatsky, Russia",earthquake,8.31,1.784,0.057,30,reviewed,us,us
2025-07-30T21:13:01.237Z,49.4969,158.6625,10,5.6,mww,338,31,3.531,0.51,us,us6000qwqm,2025-10-17T22:51:42.040Z,"223 km SE of Severo-Kuril’sk, Russia",earthquake,9.39,1.719,0.11,8,reviewed,us,us
2025-07-30T16:57:34.771Z,49.8958,157.5715,10,5.6,mb,196,79,3.204,0.71,us,us6000qwle,2025-10-17T22:51:42.040Z,"134 km SE of Severo-Kuril’sk, Russia",earthquake,5.14,1.838,0.019,975,reviewed,us,us
2025-07-30T16:47:12.839Z,50.4224,159.7368,10,5.7,mb,244,44,2.691,0.89,us,us6000qwlc,2025-10-17T22:51:42.040Z,"256 km ESE of Ozernovskiy, Russia",earthquake,7.12,1.818,0.019,1027,reviewed,us,us
2025-07-30T16:07:46.668Z,49.6696,157.2746,35,6,mwb,187,72,3.454,0.75,us,us6000qwk1,2025-10-17T22:51:42.040Z,"138 km SE of Severo-Kuril’sk, Russia",earthquake,7.8,1.848,0.047,44,reviewed,us,us
2025-07-30T14:47:43.816Z,50.0671,157.7699,23.309,5.9,mwb,226,35,3.011,1.26,us,us6000qwiq,2025-10-17T22:51:42.040Z,"135 km ESE of Severo-Kuril’sk, Russia",earthquake,3.43,4.425,0.034,83,reviewed,us,us
2025-07-30T09:56:13.780Z,51.6041,160.0013,10.445,6.1,mwb,301,52,1.646,0.71,us,us6000qwfe,2025-10-17T22:51:42.040Z,"183 km SE of Vilyuchinsk, Russia",earthquake,7.84,4.034,0.031,102,reviewed,us,us
2025-07-30T09:24:39.757Z,-58.926,-26.2034,126.3,5.5,mb,121,38,7.335,0.56,us,us6000qwex,2025-10-17T22:51:42.040Z,"South Sandwich Islands region",earthquake,8.83,4.108,0.054,120,reviewed,us,us
2025-07-30T07:34:42.923Z,48.8612,156.301,10,5.6,mb,114,54,4.343,0.94,us,us6000qwd7,2025-10-17T22:51:42.040Z,"202 km S of Severo-Kuril’sk, Russia",earthquake,8.11,1.755,0.021,769,reviewed,us,us
2025-07-30T05:05:15.426Z,50.7377,157.8617,61.759,5.6,mb,119,119,2.341,0.68,us,us6000qwb4,2025-10-17T22:51:42.040Z,"122 km E of Severo-Kuril’sk, Russia",earthquake,10.43,6.556,0.019,1004,reviewed,us,us
2025-07-30T04:25:14.790Z,49.3297,156.5319,35,5.6,mb,168,74,3.854,0.9,us,us6000qwah,2025-10-17T22:51:42.040Z,"152 km S of Severo-Kuril’sk, Russia",earthquake,8.11,1.832,0.019,977,reviewed,us,us
2025-07-30T03:25:54.468Z,51.8385,159.1797,35,5.5,mb,123,94,1.23,0.87,us,us6000qw94,2025-10-17T22:51:42.040Z,"132 km SSE of Vilyuchinsk, Russia",earthquake,7.56,1.833,0.021,774,reviewed,us,us
2025-07-30T03:13:56.616Z,52.8756,160.8815,24.949,5.5,mb,61,107,8.015,0.79,us,us6000r1gk,2025-10-17T22:51:42.040Z,"152 km E of Petropavlovsk-Kamchatsky, Russia",earthquake,10.25,5.103,0.066,80,reviewed,us,us
2025-07-30T03:13:25.319Z,51.7321,159.309,35,5.5,mb,146,111,1.355,0.75,us,us6000qw8r,2025-10-17T22:51:42.040Z,"146 km SSE of Vilyuchinsk, Russia",earthquake,7.24,1.887,0.021,770,reviewed,us,us
2025-07-30T02:30:40.490Z,50.6541,157.4441,37.52,5.9,mb,148,74,2.461,0.81,us,us6000qw87,2025-10-17T02:34:40.040Z,"93 km E of Severo-Kuril’sk, Russia",earthquake,9.39,6.464,0.021,861,reviewed,us,us
2025-07-30T02:27:30.416Z,52.1134,162.0791,10,5.7,mb,107,106,2.283,0.55,us,us6000qw86,2025-10-17T02:34:38.040Z,"256 km ESE of Petropavlovsk-Kamchatsky, Russia",earthquake,7.94,1.758,0.021,835,reviewed,us,us
2025-07-30T01:46:52.665Z,50.1868,157.2929,35,5.5,mb,113,77,2.935,0.78,us,us6000qw7h,2025-10-17T02:34:09.040Z,"99 km ESE of Severo-Kuril’sk, Russia",earthquake,8.49,1.888,0.025,535,reviewed,us,us
2025-07-30T01:38:16.776Z,51.0169,158.3088,35,5.6,mb,158,76,2.021,0.78,us,us6000qw7f,2025-10-17T02:34:06.040Z,"136 km ESE of Ozernovskiy, Russia",earthquake,8.94,1.885,0.029,420,reviewed,us,us
2025-07-30T01:03:22.907Z,51.6577,158.8083,35,5.7,mb,92,109,1.371,1.04,us,us6000qw75,2025-10-17T02:33:36.040Z,"144 km S of Vilyuchinsk, Russia",earthquake,8.22,1.9,0.028,465,reviewed,us,us
2025-07-30T00:58:38.149Z,51.585,159.8996,10,5.7,mb,75,60,1.632,0.98,us,us6000qw74,2025-10-17T02:33:33.040Z,"181 km SSE of Vilyuchinsk, Russia",earthquake,8.26,1.813,0.047,161,reviewed,us,us
2025-07-30T00:35:26.004Z,51.9131,159.255,35,5.7,mb,68,92,1.172,0.68,us,us6000qw6z,2025-10-17T02:33:20.040Z,"127 km SSE of Vilyuchinsk, Russia",earthquake,7.25,1.843,0.045,177,reviewed,us,us
2025-07-30T00:16:06.520Z,52.1048,159.692,35,6.2,mb,113,36,1.119,0.97,us,us6000qw6s,2025-10-17T02:33:02.040Z,"126 km SE of Vilyuchinsk, Russia",earthquake,6.67,0.871,0.023,749,reviewed,us,us
2025-07-30T00:12:20.745Z,51.7857,159.8227,25.681,5.8,mb,44,60,1.433,0.63,us,us6000r1em,2025-10-17T02:33:00.040Z,"159 km SE of Vilyuchinsk, Russia",earthquake,5.47,4.543,0.131,28,reviewed,us,us
2025-07-30T00:09:58.961Z,52.1946,159.8008,36.622,6.9,mww,82,68,1.087,0.95,us,us6000qw6q,2025-10-17T02:32:58.040Z,"125 km SE of Petropavlovsk-Kamchatsky, Russia",earthquake,8.62,5.606,0.098,10,reviewed,us,us
2025-07-29T23:54:58.717Z,50.8049,158.7836,10,5.7,mb,45,131,2.223,0.7,us,us6000r0pw,2025-10-11T20:57:56.040Z,"177 km ESE of Ozernovskiy, Russia",earthquake,7.17,1.638,0.113,28,reviewed,us,us
2025-07-29T23:48:17.525Z,51.7599,160.1586,10,5.6,mb,50,122,1.567,0.64,us,us6000qw6g,2025-10-11T20:57:36.040Z,"176 km SE of Vilyuchinsk, Russia",earthquake,9.74,1.886,0.097,37,reviewed,us,us
2025-07-29T23:46:37.801Z,49.4264,156.1591,35,5.7,mb,86,112,3.811,0.53,us,us6000qwi3,2025-10-11T20:57:36.040Z,"138 km S of Severo-Kuril’sk, Russia",earthquake,12.22,1.864,0.076,62,reviewed,us,us
2025-07-29T23:40:27.004Z,49.2988,156.5191,10,5.7,mb,52,86,3.886,0.74,us,us6000qwhh,2025-10-11T20:57:36.040Z,"155 km S of Severo-Kuril’sk, Russia",earthquake,10.14,1.867,0.104,33,reviewed,us,us
2025-07-29T23:38:56.675Z,51.0614,159.0547,10,5.8,mb,66,68,1.981,0.83,us,us6000r0qg,2025-10-11T20:57:57.040Z,"184 km ESE of Ozernovskiy, Russia",earthquake,8.01,1.817,0.101,36,reviewed,us,us
2025-07-29T23:38:28.604Z,52.3144,159.5397,35,5.7,mb,39,58,0.893,0.98,us,us6000r0ql,2025-10-11T20:57:57.040Z,"103 km SE of Vilyuchinsk, Russia",earthquake,9.24,1.89,0.12,25,reviewed,us,us
2025-07-29T23:37:34.403Z,51.5092,159.126,35,6,mb,83,53,1.545,0.83,us,us6000qwhj,2025-10-11T20:57:36.040Z,"165 km SSE of Vilyuchinsk, Russia",earthquake,7.47,1.863,0.078,62,reviewed,us,us
2025-07-29T23:36:01.341Z,51.7541,158.2503,35,6,mb,79,84,1.295,0.75,us,us6000r0qc,2025-10-11T20:57:57.040Z,"124 km ENE of Ozernovskiy, Russia",earthquake,8.28,1.824,0.078,62,reviewed,us,us
2025-07-29T23:34:53.625Z,51.8593,159.121,35,5.9,mb,87,66,1.201,0.57,us,us6000r0q2,2025-10-11T20:57:56.040Z,"128 km SSE of Vilyuchinsk, Russia",earthquake,9.04,1.848,0.075,65,reviewed,us,us
2025-07-29T23:31:25.020Z,53.665,160.4312,42.734,5.9,mb,61,86,1.247,0.96,us,us6000r0xt,2025-10-11T20:57:58.040Z,"137 km ENE of Petropavlovsk-Kamchatsky, Russia",earthquake,8.1,7.084,0.083,54,reviewed,us,us
2025-07-29T23:30:44.566Z,52.6498,159.5787,25.423,6.1,mb,57,67,0.676,0.7,us,us6000r0xw,2025-10-11T20:57:58.040Z,"78 km SE of Petropavlovsk-Kamchatsky, Russia",earthquake,7.89,5.64,0.088,49,reviewed,us,us
2025-07-29T23:30:03.032Z,52.5195,159.7031,16.375,6.3,mb,29,121,0.815,0.67,us,us6000r0y5,2025-10-11T20:57:58.040Z,"94 km SE of Petropavlovsk-Kamchatsky, Russia",earthquake,9.45,5.247,0.116,29,reviewed,us,us
2025-07-29T23:24:52.483Z,52.4948,160.2395,35,8.8,mww,251,30,1.102,0.73,us,us6000qw60,2026-07-10T18:28:44.058Z,"2025 Kamchatka Peninsula, Russia Earthquake",earthquake,6.78,1.784,0.018,303,reviewed,us,us
2025-07-29T21:25:23.916Z,14.0663,-89.8711,10,5.7,mww,126,38,0.186,0.81,us,us6000qw59,2025-10-11T20:57:34.040Z,"6 km SE of Comapa, Guatemala",earthquake,7.3,0.967,0.044,50,reviewed,us,us
2025-07-29T21:21:47.885Z,14.0993,-89.791,11.913,5.6,mww,110,61,0.196,0.55,us,us6000qw58,2025-10-11T20:57:34.040Z,"4 km WNW of Jerez, Guatemala",earthquake,7.38,3.615,0.078,16,reviewed,us,us
2025-07-29T17:53:40.918Z,-23.4497,178.858,553,6.6,mww,156,17,5.726,0.83,us,us6000qw1a,2025-10-11T20:57:33.040Z,"south of the Fiji Islands",earthquake,10.13,1.906,0.043,52,reviewed,us,us
2025-07-29T17:46:37.267Z,-23.5094,178.9624,550,5.8,mww,168,25,5.798,0.81,us,us6000qw18,2025-10-11T20:57:33.040Z,"south of the Fiji Islands",earthquake,9.98,1.903,0.056,31,reviewed,us,us
2025-07-28T22:15:20.890Z,-57.9072,157.6187,10,5.8,mb,45,100,3.496,0.37,us,us6000qvvp,2025-10-11T20:57:30.040Z,"Macquarie Island region",earthquake,9.93,1.878,0.092,43,reviewed,us,us
2025-07-28T22:10:35.109Z,-57.605,157.0388,31,7,mww,128,21,3.292,0.82,us,us6000qvsf,2025-10-11T20:57:29.040Z,"Macquarie Island region",earthquake,9.63,1.777,0.031,99,reviewed,us,us
2025-07-28T18:41:50.299Z,6.6907,93.0637,21,6.4,mww,124,62,4.126,0.57,us,us6000qvpp,2025-10-11T20:57:28.040Z,"264 km WNW of Sabang, Indonesia",earthquake,7.8,1.876,0.052,35,reviewed,us,us
2025-07-27T09:30:37.512Z,-60.0878,-18.745,10,5.6,mww,77,46,13.249,0.79,us,us6000qvgw,2025-10-11T20:57:22.040Z,"east of the South Sandwich Islands",earthquake,11.7,1.777,0.11,8,reviewed,us,us
2025-07-26T16:15:04.546Z,-57.7718,157.7252,17,6.2,mww,280,14,3.351,0.64,us,us6000qvbw,2025-10-11T20:57:18.040Z,"Macquarie Island region",earthquake,9.06,1.662,0.039,62,reviewed,us,us
2025-07-26T05:31:46.303Z,-0.3955,131.5362,10,5.6,mww,185,39,2.606,0.64,us,us6000qv9l,2025-10-11T20:57:16.040Z,"61 km NNE of Sorong, Indonesia",earthquake,6.8,1.837,0.054,33,reviewed,us,us
2025-07-25T21:29:58.920Z,2.0241,126.873,80,5.8,mww,115,38,2.112,0.96,us,us6000qv7n,2025-10-11T20:57:15.040Z,"130 km WNW of Tobelo, Indonesia",earthquake,6.33,1.925,0.044,50,reviewed,us,us
2025-07-25T12:45:55.345Z,-55.3251,146.4375,10,5.7,mww,69,53,7.257,0.49,us,us6000qv3y,2025-10-11T20:57:13.040Z,"west of Macquarie Island",earthquake,10.75,1.801,0.061,26,reviewed,us,us
2025-07-25T11:22:02.292Z,-55.4066,146.5854,10,6.2,mww,87,46,7.175,0.75,us,us6000qv1b,2025-10-11T20:57:13.040Z,"west of Macquarie Island",earthquake,9.64,1.774,0.039,62,reviewed,us,us
2025-07-25T01:29:02.957Z,37.7163,-18.008,10,5.5,mww,183,27,4.927,0.5,us,us6000quyn,2025-10-11T20:57:10.040Z,"Azores-Cape St. Vincent Ridge",earthquake,8.5,1.834,0.073,18,reviewed,us,us
2025-07-24T23:37:56.601Z,-14.9093,-175.7016,314.151,6.6,mww,102,30,3.925,0.94,us,us6000quy1,2025-10-11T20:57:10.040Z,"187 km SSE of Mata-Utu, Wallis and Futuna",earthquake,8.43,5.206,0.035,80,reviewed,us,us
2025-07-24T22:39:24.305Z,52.9584,161.0863,10,5.8,mb,91,106,1.474,1.06,us,us6000quxr,2025-10-11T20:57:09.040Z,"165 km E of Petropavlovsk-Kamchatsky, Russia",earthquake,4.06,1.84,0.06,102,reviewed,us,us
2025-07-24T22:37:27.147Z,53.0151,161.0626,14,6,mww,132,53,1.457,0.95,us,us6000quxn,2025-10-11T20:57:09.040Z,"163 km E of Petropavlovsk-Kamchatsky, Russia",earthquake,7.07,1.611,0.041,58,reviewed,us,us
2025-07-24T16:37:18.726Z,-4.2084,143.7515,108,5.7,mww,99,48,3.477,0.81,us,us6000qun0,2025-10-11T20:57:08.040Z,"38 km WSW of Angoram, Papua New Guinea",earthquake,8.99,1.868,0.043,52,reviewed,us,us
2025-07-24T13:08:16.319Z,-2.0235,120.66,10,5.6,mww,47,68,0.634,0.66,us,us6000qulk,2025-10-11T20:57:07.040Z,"69 km NNE of Masamba, Indonesia",earthquake,5.7,1.87,0.098,10,reviewed,us,us
2025-07-24T13:06:57.472Z,-1.9763,120.7566,10,5.5,mww,78,72,0.664,0.63,us,us6000qulb,2025-10-11T20:57:07.040Z,"64 km S of Poso, Indonesia",earthquake,7.82,1.857,0.11,8,reviewed,us,us
2025-07-23T20:50:43.792Z,0.4411,122.0874,142,6.3,mww,171,15,1.465,0.92,us,us6000qugg,2025-10-11T20:57:04.040Z,"109 km W of Gorontalo, Indonesia",earthquake,5.56,1.838,0.033,89,reviewed,us,us
2025-07-23T03:24:00.770Z,-23.4563,-179.9105,532.691,5.6,mww,116,20,5.994,0.84,us,us6000quaf,2025-10-11T20:57:00.040Z,"south of the Fiji Islands",earthquake,9.99,5.599,0.073,18,reviewed,us,us
2025-07-22T05:04:08.123Z,-4.827,68.7987,10,5.5,mww,75,42,4.449,0.78,us,us6000qu2u,2025-10-03T18:41:26.040Z,"Chagos Archipelago region",earthquake,9.9,1.853,0.073,18,reviewed,us,us
2025-07-22T01:59:28.404Z,52.4133,160.6453,12.308,6,mww,338,16,1.359,0.49,us,us6000qu2r,2025-10-03T18:41:26.040Z,"154 km ESE of Petropavlovsk-Kamchatsky, Russia",earthquake,6.92,3.232,0.056,31,reviewed,us,us
2025-07-21T16:41:07.858Z,-5.8623,146.6039,94,5.8,mww,137,25,3.562,0.72,us,us6000qtxh,2025-10-03T18:41:22.040Z,"94 km ENE of Kainantu, Papua New Guinea",earthquake,7.58,1.852,0.044,50,reviewed,us,us
2025-07-20T22:28:00.041Z,54.6051,-159.8382,40,6.2,mww,144,36,0.268,0.64,us,us7000qe51,2025-11-04T22:22:54.921Z,"91 km SSE of Sand Point, Alaska",earthquake,5.89,1.83,0.046,45,reviewed,us,us
2025-07-20T17:10:20.329Z,52.8429,160.5055,10,5.5,mww,83,139,1.138,0.7,us,us7000qe30,2025-10-03T18:43:04.040Z,"128 km ESE of Petropavlovsk-Kamchatsky, Russia",earthquake,9.23,1.896,0.103,9,reviewed,us,us
2025-07-20T07:26:17.432Z,52.9657,161.0597,10,5.9,mb,108,107,1.458,0.71,us,us7000qdz8,2025-10-03T18:42:57.040Z,"163 km E of Petropavlovsk-Kamchatsky, Russia",earthquake,8.89,1.857,0.059,105,reviewed,us,us
2025-07-20T07:23:02.065Z,52.8915,160.7461,34.991,6.5,mww,172,71,1.275,0.63,us,us7000qdz2,2025-10-03T18:42:56.040Z,"143 km E of Petropavlovsk-Kamchatsky, Russia",earthquake,8.24,4.314,0.066,22,reviewed,us,us
2025-07-20T07:12:58.030Z,52.7333,160.9824,10,5.7,mb,101,100,1.443,0.76,us,us7000qdz0,2025-10-03T18:42:56.040Z,"162 km ESE of Petropavlovsk-Kamchatsky, Russia",earthquake,8.81,1.858,0.038,250,reviewed,us,us
2025-07-20T07:09:47.134Z,52.8415,161.0175,10,5.6,mb,57,148,1.445,0.96,us,us7000qdzf,2025-10-03T18:42:57.040Z,"162 km E of Petropavlovsk-Kamchatsky, Russia",earthquake,9.89,1.915,0.079,56,reviewed,us,us
2025-07-20T07:07:42.573Z,52.6981,160.8332,10,6.6,mww,172,75,1.363,0.78,us,us7000qdyw,2025-10-03T18:42:56.040Z,"153 km ESE of Petropavlovsk-Kamchatsky, Russia",earthquake,6.93,1.824,0.056,31,reviewed,us,us
2025-07-20T06:56:03.710Z,52.6641,160.7552,10,5.6,mb,106,120,1.327,0.89,us,us6000qxca,2025-10-03T18:41:44.040Z,"150 km ESE of Petropavlovsk-Kamchatsky, Russia",earthquake,9.06,1.872,0.059,102,reviewed,us,us
2025-07-20T06:49:04.327Z,52.8301,160.6816,34,7.4,mww,170,32,1.245,0.77,us,us7000qdyl,2025-10-03T18:42:56.040Z,"2025 Eastern Kamchatka, Russia Earthquake",earthquake,7.9,1.873,0.048,42,reviewed,us,us
2025-07-20T06:28:17.860Z,52.9286,160.6233,23,6.6,mww,161,73,1.197,0.86,us,us7000qdye,2025-10-03T18:42:55.040Z,"134 km E of Petropavlovsk-Kamchatsky, Russia",earthquake,8.27,1.88,0.036,74,reviewed,us,us
2025-07-20T05:45:33.448Z,19.6495,121.5052,45.853,5.5,mww,146,32,3.177,0.79,us,us7000qdxz,2025-10-03T18:42:55.040Z,"100 km SSW of Basco, Philippines",earthquake,8.47,6.203,0.06,27,reviewed,us,us
2025-07-19T15:55:07.768Z,8.3465,-103.0158,10,5.6,mww,293,33,10.133,0.69,us,us7000qdue,2025-10-03T18:42:52.040Z,"northern East Pacific Rise",earthquake,9.63,1.757,0.052,35,reviewed,us,us
2025-07-17T09:04:25.461Z,-10.1195,119.1925,24,5.6,mww,87,44,1.177,1.02,us,us7000qd6b,2025-10-03T18:42:28.040Z,"76 km S of Tambolaka, Indonesia",earthquake,6.42,1.881,0.061,26,reviewed,us,us
2025-07-17T04:30:37.038Z,54.5012,-160.1181,35,5.6,mww,163,122,0.451,0.98,us,us7000qd4n,2025-10-03T18:42:26.040Z,"96 km SSE of Sand Point, Alaska",earthquake,2.56,1.864,0.038,65,reviewed,us,us
2025-07-16T20:37:41.667Z,54.5652,-160.4689,38,7.3,mww,180,21,0.576,0.75,us,us7000qd1y,2026-07-08T20:47:49.461Z,"2025 Sand Point, Alaska Earthquake",earthquake,5.86,1.827,0.025,153,reviewed,us,us
2025-07-15T17:15:55.394Z,83.2703,-33.136,8,5.8,mww,118,24,2.736,1.09,us,us7000qctd,2025-11-28T21:21:51.685Z,"near the north coast of Greenland",earthquake,7.04,1.804,0.068,21,reviewed,us,us
2025-07-15T09:55:01.981Z,-30.0661,-177.9432,48.15,5.7,mww,191,52,0.818,0.66,us,us7000qcrv,2025-11-28T21:19:36.228Z,"Kermadec Islands, New Zealand",earthquake,9.45,5.506,0.055,32,reviewed,us,us
2025-07-14T21:37:59.420Z,46.5459,151.4305,74,5.8,mww,136,46,5.972,0.8,us,us7000qcp2,2025-11-28T21:15:42.080Z,"Kuril Islands",earthquake,8.4,1.872,0.063,24,reviewed,us,us
2025-07-14T17:16:49.051Z,6.1706,-82.7372,10,6.2,mww,108,84,3.113,0.72,us,us7000qclp,2025-11-28T21:14:11.510Z,"206 km S of Burica, Panama",earthquake,5.57,1.87,0.033,89,reviewed,us,us
2025-07-14T05:49:58.119Z,-6.2201,131.2331,70.687,6.7,mww,149,19,2.143,0.63,us,us7000qcik,2025-11-28T21:10:23.200Z,"180 km WSW of Tual, Indonesia",earthquake,6.46,5.368,0.04,60,reviewed,us,us
2025-07-08T21:41:31.063Z,14.4503,-90.6483,10,5.7,mww,124,39,0.167,0.55,us,us7000qbfv,2026-06-07T22:41:43.883Z,"3 km SSW of Amatitlán, Guatemala",earthquake,5.44,1.778,0.056,31,reviewed,us,us
2025-07-07T12:53:44.013Z,-47.1735,165.4962,22,6.2,mww,65,64,1.296,0.8,us,us7000qb4s,2025-09-12T16:23:11.040Z,"213 km WSW of Riverton, New Zealand",earthquake,8.86,1.886,0.038,68,reviewed,us,us
2025-07-06T20:31:42.999Z,-20.9353,-174.3501,10,5.5,mww,72,57,7.405,1.06,us,us7000qb20,2025-09-12T16:23:10.040Z,"77 km NE of ‘Ohonua, Tonga",earthquake,12.08,1.847,0.068,21,reviewed,us,us
2025-07-06T05:07:02.820Z,29.3813,129.5412,10,5.5,mww,102,82,2.262,1.02,us,us7000qayf,2025-09-12T16:23:09.040Z,"103 km N of Tatsugō, Japan",earthquake,6.5,1.844,0.071,19,reviewed,us,us
2025-07-05T19:42:20.755Z,6.2844,95.0881,10,5.5,mww,104,40,2.126,0.93,us,us7000qavc,2025-09-12T16:23:09.040Z,"50 km NNW of Sabang, Indonesia",earthquake,8,1.821,0.061,26,reviewed,us,us
2025-07-04T15:47:45.649Z,-57.0542,-67.4161,10,5.6,mww,91,53,2.131,0.66,us,us7000qamr,2025-09-12T16:23:07.040Z,"256 km SSE of Ushuaia, Argentina",earthquake,10.26,1.747,0.08,15,reviewed,us,us
2025-07-03T07:13:00.356Z,29.3808,129.4093,10,5.5,mww,129,82,2.305,0.45,us,us7000qadp,2025-09-12T16:23:06.040Z,"104 km N of Tatsugō, Japan",earthquake,4.7,1.834,0.05,39,reviewed,us,us
2025-07-02T07:15:26.742Z,-17.6546,-178.9462,526.92,5.6,mww,121,23,1.991,0.82,us,us7000qa5h,2025-09-12T16:23:04.040Z,"189 km ENE of Levuka, Fiji",earthquake,9.43,5.404,0.065,23,reviewed,us,us
2025-07-02T06:26:48.945Z,29.2518,129.1665,10,5.6,mww,103,49,2.509,1.2,us,us7000qa5e,2025-09-12T16:23:04.040Z,"98 km NNW of Tatsugō, Japan",earthquake,6.27,1.75,0.06,27,reviewed,us,us
2025-07-02T01:39:39.205Z,-33.6025,-72.5628,10,5.5,mww,91,132,0.793,1.09,us,us7000qa3y,2025-09-12T16:23:04.040Z,"88 km W of San Antonio, Chile",earthquake,4.13,1.824,0.071,19,reviewed,us,us
2025-06-28T08:32:20.957Z,-60.9793,-38.9672,10,6.6,mww,135,52,6.844,0.63,us,us7000q9b5,2025-09-04T20:40:01.040Z,"Scotia Sea",earthquake,8.19,1.855,0.068,21,reviewed,us,us
2025-06-28T04:17:08.545Z,-19.8818,-176.0335,229,5.5,mww,75,74,5.527,1.07,us,us7000q99p,2025-09-04T20:40:00.040Z,"161 km NNW of Houma, Tonga",earthquake,9.93,1.886,0.054,33,reviewed,us,us
2025-06-27T23:07:10.371Z,5.2888,126.0425,99.77,6,mww,131,19,0.787,0.99,us,us7000q97d,2025-09-04T20:40:00.040Z,"65 km E of Sarangani, Philippines",earthquake,6.55,4.615,0.038,68,reviewed,us,us
2025-06-25T22:16:13.700Z,-35.7221,-17.0441,10,6.2,mww,131,53,4.044,0.87,us,us7000q8tw,2025-09-04T20:39:59.040Z,"southern Mid-Atlantic Ridge",earthquake,10.45,1.829,0.052,36,reviewed,us,us
2025-06-24T02:45:43.620Z,19.2245,-68.1103,68,5.7,mw,26,189,0.7606,0.62,pr,pr2025175000,2026-06-24T02:55:49.004Z,"77 km NNE of Punta Cana, Dominican Republic",earthquake,2.52,5.97,0.02,8,reviewed,pr,pr
2025-06-24T01:58:41.616Z,-10.9655,162.6253,39.859,5.5,mww,162,40,3.041,0.57,us,us7000q8be,2025-09-02T21:23:42.040Z,"95 km SE of Kirakira, Solomon Islands",earthquake,6.9,5.052,0.098,10,reviewed,us,us
2025-06-24T01:58:06.248Z,7.9765,129.9606,10,6.2,mww,238,15,4.436,0.67,us,us7000q8bd,2025-09-02T21:23:42.040Z,"east of the Philippine Islands",earthquake,7.27,1.721,0.055,32,reviewed,us,us
2025-06-21T21:23:18.562Z,42.8951,146.4037,18,6,mww,134,59,2.558,0.65,us,us6000qlnz,2025-09-02T21:23:40.040Z,"82 km SE of Nemuro, Japan",earthquake,8.31,1.751,0.055,32,reviewed,us,us
2025-06-19T16:37:42.503Z,-6.171,147.856,37,5.5,mww,104,19,3.286,0.8,us,us6000ql8u,2025-09-02T21:23:38.040Z,"42 km N of Finschhafen, Papua New Guinea",earthquake,7.56,1.784,0.06,27,reviewed,us,us
2025-06-18T23:08:06.586Z,42.9403,146.4787,19,5.9,mww,322,61,2.625,0.61,us,us6000ql4i,2025-09-02T21:23:38.040Z,"84 km ESE of Nemuro, Japan",earthquake,7.6,1.762,0.052,36,reviewed,us,us
2025-06-18T09:49:22.518Z,14.7728,-94.0883,9,5.8,mww,266,124,1.825,0.78,us,us6000qkzh,2025-09-02T21:23:37.040Z,"123 km SW of El Palmarcito, Mexico",earthquake,5.62,1.861,0.039,64,reviewed,us,us
2025-06-15T16:35:29.241Z,-12.1764,-77.4434,40,5.6,mww,102,44,0.617,1.04,us,us6000qkg7,2025-12-02T17:10:18.065Z,"37 km WSW of Callao, Peru",earthquake,7.35,1.897,0.075,17,reviewed,us,us
2025-06-14T06:43:33.708Z,-36.5978,-110.5689,10,5.6,mww,76,158,30.75,0.52,us,us6000qk90,2025-08-22T20:26:00.040Z,"southern East Pacific Rise",earthquake,15.26,1.909,0.08,15,reviewed,us,us
2025-06-14T03:10:59.726Z,-36.397,-110.8137,10,5.7,mww,56,117,30.196,0.94,us,us6000qk7h,2025-08-22T20:26:00.040Z,"southern East Pacific Rise",earthquake,14.63,1.902,0.086,13,reviewed,us,us
2025-06-13T18:35:14.935Z,46.1842,153.426,35,6,mww,241,23,7.392,1.1,us,us6000qk4v,2025-08-22T20:26:00.040Z,"Kuril Islands",earthquake,7.74,1.764,0.048,42,reviewed,us,us
2025-06-12T06:14:26.535Z,-63.2081,-164.4234,10,5.5,mww,47,116,17.194,0.59,us,us6000qjrq,2025-08-22T20:25:59.040Z,"Pacific-Antarctic Ridge",earthquake,6.54,1.846,0.075,17,reviewed,us,us
2025-06-12T04:58:26.463Z,-63.2412,-163.7581,10,5.7,mww,61,60,17.268,1.27,us,us6000qjr3,2025-08-22T20:25:59.040Z,"Pacific-Antarctic Ridge",earthquake,12.47,1.838,0.11,8,reviewed,us,us
2025-06-11T11:00:28.001Z,23.3659,121.6239,29.331,5.9,mww,219,30,0.301,0.92,us,us6000qjj5,2025-08-22T20:25:58.040Z,"67 km S of Hualien City, Taiwan",earthquake,4.01,4.165,0.061,26,reviewed,us,us
2025-06-10T04:07:20.359Z,-55.3523,-28.0375,11.592,5.6,mww,144,43,5.003,0.44,us,us6000qja6,2025-08-20T16:08:59.040Z,"South Sandwich Islands region",earthquake,9.08,3.271,0.08,15,reviewed,us,us
2025-06-08T21:28:08.469Z,-47.8884,115.9579,10,5.5,mww,96,29,14.975,0.89,us,us6000qj0l,2025-08-20T16:08:58.040Z,"western Indian-Antarctic Ridge",earthquake,10.62,1.724,0.089,12,reviewed,us,us
2025-06-08T21:15:06.129Z,-47.8029,116.0489,9,5.9,mww,120,36,12.972,0.84,us,us6000qj0h,2025-08-20T16:08:58.040Z,"western Indian-Antarctic Ridge",earthquake,10.1,1.74,0.054,33,reviewed,us,us
2025-06-08T13:08:05.797Z,4.4852,-73.1248,9,6.3,mww,163,21,1.245,0.89,us,us6000qixr,2025-08-20T16:08:58.040Z,"15 km NE of Paratebueno, Colombia",earthquake,7.45,1.738,0.032,96,reviewed,us,us
2025-06-07T23:20:45.671Z,-47.8272,115.9955,10,6.2,mww,90,43,14.912,1.04,us,us6000qisj,2025-08-20T16:08:58.040Z,"western Indian-Antarctic Ridge",earthquake,10.19,1.817,0.054,33,reviewed,us,us
2025-06-07T07:33:40.295Z,-14.9216,66.7948,10,5.5,mww,110,57,16.497,0.73,us,us6000qinr,2025-08-20T16:08:57.040Z,"Mid-Indian Ridge",earthquake,9.37,1.855,0.057,30,reviewed,us,us
2025-06-06T19:28:30.995Z,-22.0335,-178.0449,359,5.9,mww,220,26,5.628,0.8,us,us6000qiig,2025-08-20T16:08:56.040Z,"299 km WSW of Houma, Tonga",earthquake,7.98,1.871,0.05,38,reviewed,us,us
2025-06-06T17:15:06.807Z,-26.639,-70.4039,75,6.4,mww,320,16,0.519,0.67,us,us6000qigd,2025-08-20T16:08:56.040Z,"45 km SW of Diego de Almagro, Chile",earthquake,6.38,1.804,0.036,73,reviewed,us,us
2025-06-05T00:09:18.730Z,5.3502,-82.6724,10,5.6,mww,242,62,3.928,0.63,us,us6000qi0w,2025-08-20T16:08:55.040Z,"297 km S of Burica, Panama",earthquake,8.21,1.784,0.04,59,reviewed,us,us
2025-06-02T23:17:28.209Z,36.7258,28.1891,72,5.8,mww,139,29,0.514,0.66,us,us6000qhiq,2025-11-06T21:32:55.468Z,"8 km SSW of İçmeler, Turkey",earthquake,5.1,1.913,0.031,103,reviewed,us,us
2025-06-01T18:51:52.960Z,41.7431,143.6866,27,5.8,mww,128,95,0.48,0.87,us,us6000qhaf,2025-08-16T21:54:13.040Z,"68 km SSE of Hiroo, Japan",earthquake,6.18,1.061,0.061,26,reviewed,us,us
2025-05-31T22:26:22.460Z,-27.8491,-178.1234,10,6.2,mww,64,56,1.401,0.82,us,us6000qh5j,2025-08-16T21:54:12.040Z,"Kermadec Islands region",earthquake,9.91,1.727,0.043,51,reviewed,us,us
2025-05-31T21:21:11.250Z,-28.1865,-178.5389,10,6,mww,70,80,1.183,1.14,us,us6000qh59,2025-08-16T21:54:12.040Z,"Kermadec Islands region",earthquake,9.38,1.813,0.066,22,reviewed,us,us
2025-05-31T14:28:49.890Z,-27.7396,-177.9502,10,6.1,mww,131,25,1.5,0.66,us,us6000qh35,2025-08-16T21:54:12.040Z,"Kermadec Islands region",earthquake,8.48,1.707,0.048,41,reviewed,us,us
2025-05-31T08:37:17.097Z,42.2705,144.4895,21,6,mww,138,55,1.023,0.71,us,us6000qh1r,2025-08-16T21:54:11.040Z,"78 km S of Kushiro, Japan",earthquake,7.27,1.885,0.056,31,reviewed,us,us
2025-05-30T05:36:38.351Z,-53.2836,9.1051,10,6.2,mww,60,51,19.186,0.84,us,us6000qgts,2025-08-16T21:54:10.040Z,"southwest of Africa",earthquake,8.11,1.792,0.062,25,reviewed,us,us
2025-05-28T13:34:13.998Z,12.7347,144.957,28,5.8,mww,222,45,0.854,0.95,us,us6000qgeq,2026-05-28T13:44:15.961Z,"63 km SSE of Inarajan Village, Guam",earthquake,7.44,1.877,0.063,24,reviewed,us,us
2025-05-28T08:57:47.561Z,-14.1835,167.3309,190,5.9,mww,135,23,1.262,0.86,us,us6000qgd9,2025-08-16T21:54:09.040Z,"41 km SW of Sola, Vanuatu",earthquake,8.69,1.854,0.047,43,reviewed,us,us
2025-05-28T01:30:37.701Z,19.5611,-109.1593,10,5.8,mww,94,96,6.93,0.83,us,us6000qgb5,2025-08-16T21:54:08.040Z,"Revilla Gigedo Islands region",earthquake,9.37,1.87,0.029,113,reviewed,us,us
2025-05-27T21:59:11.398Z,19.688,-109.194,10,5.8,mww,88,47,1.868,0.84,us,us6000qga6,2025-08-13T15:14:25.040Z,"Revilla Gigedo Islands region",earthquake,7.6,1.782,0.03,109,reviewed,us,us
2025-05-26T03:50:25.655Z,-19.6168,-69.4505,105,5.7,mww,276,34,0.247,0.85,us,us7000q1h3,2025-08-13T15:14:32.040Z,"33 km S of Camiña, Chile",earthquake,5.77,1.778,0.041,58,reviewed,us,us
2025-05-25T10:49:59.192Z,-22.8374,-175.8016,48,6,mww,216,22,6.661,0.75,us,us7000q1e7,2025-08-13T15:14:32.040Z,"187 km SSW of ‘Ohonua, Tonga",earthquake,9.61,1.858,0.069,20,reviewed,us,us
2025-05-23T16:33:25.438Z,-56.5536,147.6655,10,6.1,mww,103,48,6.725,0.93,us,us7000q14k,2025-08-13T15:14:31.040Z,"west of Macquarie Island",earthquake,9.61,1.046,0.043,51,reviewed,us,us
2025-05-22T19:52:36.892Z,-3.9908,102.2539,47,5.7,mww,114,58,0.79,0.64,us,us7000q0w7,2025-08-13T15:14:30.040Z,"21 km S of Bengkulu, Indonesia",earthquake,5.52,1.927,0.047,44,reviewed,us,us
2025-05-22T08:34:36.774Z,-37.4859,51.3609,10,5.7,mww,131,22,8.945,0.51,us,us7000q0re,2025-08-13T15:14:30.040Z,"South Indian Ocean",earthquake,10.04,1.766,0.093,11,reviewed,us,us
2025-05-22T03:19:35.518Z,35.8915,25.9159,64,6.2,mww,168,35,1.03,0.78,us,us7000q0pq,2025-08-13T15:14:30.040Z,"66 km SE of Emporeío, Greece",earthquake,5.76,1.907,0.036,75,reviewed,us,us
2025-05-20T15:05:59.387Z,-3.7575,144.8116,16.819,6.5,mww,301,17,3.067,0.59,us,us7000q0bm,2025-07-25T17:06:20.040Z,"89 km ENE of Angoram, Papua New Guinea",earthquake,7.77,3.021,0.043,52,reviewed,us,us
2025-05-20T05:11:32.589Z,35.3444,-36.01,10,5.6,mww,245,43,8.776,0.51,us,us7000q09z,2025-07-25T17:06:20.040Z,"northern Mid-Atlantic Ridge",earthquake,9.25,1.838,0.049,40,reviewed,us,us
2025-05-17T10:22:14.394Z,-14.7608,-74.1437,101,5.9,mww,106,65,3.807,0.69,us,us7000pztw,2025-07-25T17:06:17.040Z,"5 km W of San Pedro, Peru",earthquake,8.63,1.943,0.04,61,reviewed,us,us
2025-05-15T12:59:19.020Z,-54.5498,-135.3414,10,5.5,mww,35,145,28.682,0.68,us,us7000pzcp,2025-07-25T17:06:16.040Z,"Pacific-Antarctic Ridge",earthquake,14.54,1.903,0.089,12,reviewed,us,us
2025-05-15T00:50:52.272Z,-7.136,126.1331,476.627,5.9,mww,248,24,3.19,0.57,us,us7000pzaa,2025-07-25T17:06:15.040Z,"152 km NNW of Baukau, Timor Leste",earthquake,9.32,4.638,0.045,48,reviewed,us,us
2025-05-14T04:15:40.513Z,-18.7126,-175.3343,260,6.4,mww,262,30,5.518,0.7,us,us7000pz41,2025-07-25T17:06:14.040Z,"142 km W of Neiafu, Tonga",earthquake,10.42,1.918,0.047,43,reviewed,us,us
2025-05-13T22:51:15.880Z,35.237,26.9951,76.202,6,mww,124,42,0.338,0.56,us,us7000pz2p,2025-07-24T21:30:16.040Z,"20 km SSE of Fry, Greece",earthquake,4.25,4.198,0.035,80,reviewed,us,us
2025-05-13T20:43:04.081Z,18.6822,-107.2678,11.902,5.9,mww,136,102,5.789,0.76,us,us7000pz23,2025-07-24T21:30:16.040Z,"240 km SW of La Cruz de Loreto, Mexico",earthquake,9.38,4.106,0.039,63,reviewed,us,us
2025-05-13T16:52:34.486Z,27.2228,140.058,445.198,5.6,mww,278,30,1.899,0.59,us,us7000pyzs,2025-07-24T21:30:16.040Z,"Bonin Islands, Japan region",earthquake,9.13,4.58,0.05,39,reviewed,us,us
2025-05-11T21:11:22.060Z,29.0536,87.6068,9,5.5,mww,151,22,2.401,0.67,us,us7000pyq7,2025-07-24T21:30:14.040Z,"126 km W of Rikaze, China",earthquake,8.15,1.787,0.08,15,reviewed,us,us
2025-05-11T11:22:21.597Z,-17.6883,168.3085,60,5.9,mww,183,35,2.468,0.7,us,us7000pyn1,2025-07-24T21:30:14.040Z,"5 km N of Port-Vila, Vanuatu",earthquake,7.12,1.888,0.037,70,reviewed,us,us
2025-05-11T08:57:43.494Z,3.7925,97.0065,85.754,5.7,mww,114,37,1.428,1.26,us,us7000pyjn,2025-07-24T21:30:14.040Z,"19 km ENE of Blangpidie, Indonesia",earthquake,7.44,5.315,0.069,20,reviewed,us,us
2025-05-08T22:01:10.028Z,-60.5475,160.0246,10,5.7,mww,32,68,6.094,0.88,us,us7000py39,2025-07-24T21:30:12.040Z,"Macquarie Island region",earthquake,12.62,1.605,0.056,31,reviewed,us,us
2025-05-06T18:15:10.547Z,-4.0452,-104.1959,10,5.7,mww,156,44,13.686,0.62,us,us7000pxjh,2025-07-12T16:30:47.040Z,"central East Pacific Rise",earthquake,11.57,1.804,0.049,40,reviewed,us,us
2025-05-06T17:45:31.436Z,-19.9606,169.4788,102,5.5,mww,126,35,3.249,0.91,us,us7000pxj7,2025-07-12T16:30:47.040Z,"50 km SSE of Isangel, Vanuatu",earthquake,8.18,1.876,0.066,22,reviewed,us,us
2025-05-05T10:53:27.776Z,23.909,121.9671,27,5.6,mww,144,34,0.43,0.9,us,us7000px8h,2025-07-12T16:30:46.040Z,"37 km ESE of Hualien City, Taiwan",earthquake,4.76,1.822,0.053,34,reviewed,us,us
2025-05-05T08:28:13.833Z,16.5292,-92.5534,261,5.8,mww,174,75,0.469,0.63,us,us7000px7i,2025-07-12T16:30:45.040Z,"5 km NNE of Nuevo León, Mexico",earthquake,8.28,1.905,0.028,126,reviewed,us,us
2025-05-05T03:55:39.960Z,-35.1429,-107.4203,10,6,mww,139,65,28.091,0.85,us,us7000px6v,2025-07-12T16:30:45.040Z,"southern East Pacific Rise",earthquake,13.19,1.824,0.059,28,reviewed,us,us
2025-05-04T06:58:24.280Z,18.9858,-64.316,20,5.63,ml,28,228,0.646,0.39,pr,pr2025124000,2025-07-12T16:30:44.040Z,"88 km NE of Cruz Bay, U.S. Virgin Islands",earthquake,2.08,32.57,0.22,26,reviewed,pr,pr
2025-05-03T12:51:43.462Z,0.5053,121.636,92,5.9,mww,155,19,1.045,0.94,us,us7000pwvy,2025-07-12T16:30:43.040Z,"158 km W of Gorontalo, Indonesia",earthquake,5.77,1.921,0.045,48,reviewed,us,us
2025-05-02T17:59:07.662Z,-57.304,-67.0168,8,6.4,mww,287,16,2.402,0.57,us,us7000pwpu,2025-07-12T16:30:42.040Z,"289 km SSE of Ushuaia, Argentina",earthquake,6.92,1.657,0.071,19,reviewed,us,us
2025-05-02T13:10:08.321Z,-57.121,-67.4986,10,5.6,mb,76,41,3.688,0.7,us,us7000pwl0,2025-07-12T16:30:42.040Z,"262 km SSE of Ushuaia, Argentina",earthquake,3.69,1.833,0.071,70,reviewed,us,us
2025-05-02T13:09:40.634Z,-57.2358,-67.2023,10,5.7,mb,140,101,2.322,0.65,us,us7000pwkz,2025-07-12T16:30:42.040Z,"278 km SSE of Ushuaia, Argentina",earthquake,6.05,1.749,0.053,126,reviewed,us,us
2025-05-02T13:03:16.417Z,-57.0575,-67.3954,10,5.5,mb,31,170,2.135,0.55,us,us7000pwt4,2025-07-12T16:30:43.040Z,"256 km SSE of Ushuaia, Argentina",earthquake,8.89,1.94,0.12,25,reviewed,us,us
2025-05-02T12:58:26.014Z,-56.8094,-68.1019,10,7.4,mww,284,20,1.9,0.75,us,us7000pwkn,2025-07-12T16:30:42.040Z,"2025 Drake Passage Earthquake",earthquake,7.58,1.441,0.038,68,reviewed,us,us
2025-05-02T10:59:19.540Z,-7.164,156.1376,43,5.8,mww,148,30,4.395,0.54,us,us7000pwjw,2025-07-12T16:30:41.040Z,"118 km SE of Panguna, Papua New Guinea",earthquake,8.75,1.934,0.058,29,reviewed,us,us
2025-04-29T14:53:37.897Z,-54.2616,155.6446,18.957,6.8,mww,475,11,1.942,0.51,us,us7000pvtr,2025-07-11T15:46:23.040Z,"Macquarie Island region",earthquake,7.93,2.668,0.044,49,reviewed,us,us
2025-04-29T13:30:30.110Z,-28.1396,-175.2966,10,5.6,mww,104,80,2.561,0.54,us,us7000pvta,2025-07-16T13:06:02.578Z,"Kermadec Islands region",earthquake,9.06,1.82,0.089,12,reviewed,us,us
2025-04-29T13:16:32.562Z,-48.1824,165.3571,10.595,6.2,mww,174,42,2.21,0.69,us,us7000pvt7,2025-07-11T15:46:23.040Z,"285 km SW of Bluff, New Zealand",earthquake,7.92,2.926,0.041,58,reviewed,us,us
2025-04-27T17:18:27.488Z,19.2068,121.1565,18,5.6,mww,130,26,3.593,0.99,us,us7000pvfd,2025-07-11T15:46:22.040Z,"65 km N of Namuac, Philippines",earthquake,8.39,1.83,0.041,58,reviewed,us,us
2025-04-27T16:54:25.986Z,19.2094,121.0904,20,5.5,mww,96,26,3.59,1.08,us,us7000pvfb,2025-07-11T15:46:22.040Z,"66 km N of Claveria, Philippines",earthquake,9.16,1.792,0.063,24,reviewed,us,us
2025-04-27T09:22:42.704Z,-56.1563,147.0791,10,5.9,mww,139,45,6.969,0.8,us,us7000pvd8,2025-07-11T15:46:21.040Z,"west of Macquarie Island",earthquake,9.49,1.711,0.057,30,reviewed,us,us
2025-04-25T11:44:52.634Z,1.0835,-79.5319,18,6.3,mww,208,32,0.715,1.12,us,us7000pv06,2025-07-11T15:46:20.040Z,"19 km NE of Esmeraldas, Ecuador",earthquake,5.62,1.724,0.032,96,reviewed,us,us
2025-04-24T22:22:57.397Z,-46.3555,95.9761,10,5.7,mww,62,43,17.521,0.88,us,us7000pux2,2025-07-11T15:46:20.040Z,"southeast Indian Ridge",earthquake,5.24,1.812,0.068,21,reviewed,us,us
2025-04-23T09:49:11.631Z,40.8342,28.1897,12.736,6.2,mww,275,17,1.129,0.51,us,us7000pufs,2026-07-10T20:02:24.111Z,"24 km SE of Marmara Ereğlisi, Turkey",earthquake,5.31,3.783,0.032,91,reviewed,us,us
2025-04-22T16:55:32.564Z,-13.1236,167.1763,197,5.7,mww,397,16,2.31,0.7,us,us7000pua3,2025-06-27T00:34:51.040Z,"92 km NNW of Sola, Vanuatu",earthquake,7.79,1.848,0.041,57,reviewed,us,us
2025-04-22T13:29:08.956Z,-5.498,146.9905,199,5.7,mww,374,10,3.452,0.8,us,us7000pu7q,2025-06-27T00:34:50.040Z,"135 km N of Lae, Papua New Guinea",earthquake,7.12,1.836,0.04,61,reviewed,us,us
2025-04-22T10:17:11.888Z,4.5538,127.831,104,6.2,mww,242,23,2.351,0.85,us,us7000pu62,2025-06-27T00:34:49.040Z,"271 km SE of Pondaguitan, Philippines",earthquake,7.17,1.867,0.043,52,reviewed,us,us
2025-04-19T16:55:05.702Z,-15.1316,-173.5079,36.899,5.5,mww,189,43,2.066,0.69,us,us6000q78n,2025-06-27T00:34:34.040Z,"96 km NNE of Hihifo, Tonga",earthquake,9.56,4.848,0.11,8,reviewed,us,us
2025-04-19T16:11:14.518Z,5.8328,124.1463,12,5.9,mww,174,15,1.719,0.71,us,us6000q78l,2025-07-02T16:31:38.737Z,"39 km SW of Malisbeng, Philippines",earthquake,5.43,1.713,0.039,63,reviewed,us,us
2025-04-19T13:50:22.145Z,7.2218,-34.3576,10,5.6,mww,79,55,13.053,0.61,us,us6000q787,2025-06-27T00:34:33.040Z,"central Mid-Atlantic Ridge",earthquake,10.53,1.554,0.073,18,reviewed,us,us
2025-04-19T06:47:55.932Z,36.2223,71.2246,98,5.7,mww,178,23,2.316,0.82,us,us6000q76g,2025-06-27T00:34:30.040Z,"58 km SSW of Ashkāsham, Afghanistan",earthquake,6.16,1.932,0.059,28,reviewed,us,us
2025-04-18T00:10:18.965Z,-23.4826,-67.9999,137,5.6,mww,135,65,0.553,0.75,us,us6000q6xh,2025-06-27T00:34:21.040Z,"66 km SSE of San Pedro de Atacama, Chile",earthquake,9.39,1.876,0.039,62,reviewed,us,us
2025-04-17T00:51:24.547Z,0.3501,124.8572,21.676,5.5,mww,208,16,1.087,0.57,us,us6000q6n2,2025-06-27T00:34:16.040Z,"48 km ESE of Modisi, Indonesia",earthquake,6.38,3.698,0.059,28,reviewed,us,us
2025-04-16T12:41:01.865Z,-32.4828,-14.2721,10,5.6,mww,114,57,4.849,0.53,us,us6000q6fi,2025-06-27T00:34:10.040Z,"southern Mid-Atlantic Ridge",earthquake,10.28,1.853,0.073,18,reviewed,us,us
2025-04-16T01:42:59.524Z,-47.8089,99.613,10,6.6,mww,127,43,19.39,0.77,us,us6000q6cs,2025-09-16T20:58:39.056Z,"southeast Indian Ridge",earthquake,10.5,1.788,0.093,11,reviewed,us,us
2025-04-15T23:13:59.048Z,35.9493,70.5792,99,5.6,mww,119,21,1.856,0.56,us,us6000q6c3,2025-06-14T18:26:44.040Z,"66 km NNW of Pārūn, Afghanistan",earthquake,6.74,1.894,0.103,9,reviewed,us,us
2025-04-15T21:42:42.326Z,5.8038,124.2362,10,5.6,mww,90,38,1.632,0.46,us,us6000q6br,2025-06-14T18:26:44.040Z,"37 km SSW of Maguling, Philippines",earthquake,6,1.81,0.068,21,reviewed,us,us
2025-04-13T20:03:22.841Z,-25.9815,-178.3309,271,6.5,mww,102,27,3.27,0.73,us,us6000q5tp,2025-06-14T18:26:42.040Z,"south of the Fiji Islands",earthquake,9.61,1.946,0.041,57,reviewed,us,us
2025-04-13T09:13:32.789Z,48.7331,149.7932,369,5.9,mww,197,30,5.043,0.87,us,us6000q5re,2025-06-14T18:26:42.040Z,"northwest of the Kuril Islands",earthquake,7.8,1.884,0.047,44,reviewed,us,us
2025-04-13T04:24:00.966Z,38.8992,70.8325,8,5.8,mww,125,24,0.948,0.89,us,us6000q5q8,2025-06-14T18:26:37.040Z,"42 km ESE of Rasht, Tajikistan",earthquake,4.62,1.727,0.052,35,reviewed,us,us
2025-04-12T03:47:08.682Z,-4.7074,153.1423,52,6.1,mww,128,24,1.102,1.05,us,us6000q5ka,2025-06-14T18:26:41.040Z,"104 km ESE of Kokopo, Papua New Guinea",earthquake,7.17,1.872,0.047,43,reviewed,us,us
2025-04-07T19:49:20.552Z,2.0388,96.7622,18,5.8,mww,101,66,3.174,0.63,us,us6000q4lv,2025-06-09T13:38:43.040Z,"64 km SE of Sinabang, Indonesia",earthquake,7.12,1.802,0.073,18,reviewed,us,us
2025-04-05T11:32:09.400Z,-57.2438,-25.508,24.567,5.6,mb,51,82,17.269,0.86,us,us6000q48h,2025-06-09T13:38:41.040Z,"South Sandwich Islands region",earthquake,12.32,5.052,0.056,112,reviewed,us,us
2025-04-05T11:29:12.069Z,-57.2671,-25.624,27.985,5.5,mww,71,69,17.274,1.12,us,us6000q48d,2025-06-09T13:38:41.040Z,"South Sandwich Islands region",earthquake,11.19,4.917,0.08,15,reviewed,us,us
2025-04-05T07:57:09.413Z,52.488,-32.0879,10,5.5,mww,155,97,11.327,0.64,us,us6000q47k,2025-06-09T13:38:41.040Z,"Reykjanes Ridge",earthquake,7.86,1.865,0.056,31,reviewed,us,us
2025-04-04T20:04:38.129Z,-6.3025,151.6257,9,6.9,mww,333,11,2.022,0.78,us,us6000q41n,2025-06-09T13:38:40.040Z,"184 km ESE of Kimbe, Papua New Guinea",earthquake,5.87,1.699,0.028,121,reviewed,us,us
2025-04-04T08:01:06.751Z,-15.6272,-174.4737,201,5.6,mww,95,43,3.114,0.78,us,us6000q3w4,2025-06-09T13:38:40.040Z,"81 km WNW of Hihifo, Tonga",earthquake,10.12,1.944,0.05,39,reviewed,us,us
2025-04-03T14:09:29.739Z,52.4538,-32.1071,10,6.9,mww,165,19,11.349,0.57,us,us6000q3nw,2025-09-26T02:41:20.426Z,"Reykjanes Ridge",earthquake,8.4,1.762,0.031,99,reviewed,us,us
2025-04-03T04:18:17.878Z,-65.1723,179.3367,10,5.5,mww,57,116,13.29,0.73,us,us6000q3l2,2025-06-09T13:38:39.040Z,"Balleny Islands region",earthquake,10.04,1.864,0.062,25,reviewed,us,us
2025-04-02T21:03:40.049Z,2.1324,126.7258,44,5.8,mww,319,18,1.496,0.81,us,us6000q3iu,2025-06-09T13:38:38.040Z,"149 km WNW of Tobelo, Indonesia",earthquake,5.97,1.812,0.06,27,reviewed,us,us
2025-04-02T16:26:35.709Z,53.2407,172.961,14.015,5.5,mww,278,53,0.858,0.9,us,us7000ppga,2025-06-09T13:38:49.040Z,"46 km NNW of Attu Station, Alaska",earthquake,7.08,3.892,0.039,63,reviewed,us,us
2025-04-02T14:03:57.825Z,30.9792,131.522,29,6.1,mww,266,87,1.057,0.62,us,us7000ppfy,2025-06-09T13:38:49.040Z,"56 km ENE of Nishinoomote, Japan",earthquake,5.23,1.847,0.051,37,reviewed,us,us
2025-04-02T00:29:22.306Z,-57.0079,-142.2862,10,6.3,mww,96,55,25.291,0.71,us,us7000ppd9,2025-06-09T13:38:49.040Z,"Pacific-Antarctic Ridge",earthquake,8.07,1.667,0.068,21,reviewed,us,us
2025-04-01T10:15:56.075Z,-7.4362,128.5286,143.585,5.7,mww,153,18,3.202,0.53,us,us7000pp7n,2025-06-06T21:12:29.040Z,"207 km NE of Lospalos, Timor Leste",earthquake,7.96,5.374,0.042,54,reviewed,us,us
2025-03-31T15:54:17.424Z,-10.0069,119.0489,11.867,5.6,mww,154,23,1.276,0.83,us,us7000pp13,2025-06-06T21:12:29.040Z,"67 km SSW of Tambolaka, Indonesia",earthquake,6.96,3.113,0.063,24,reviewed,us,us
2025-03-30T15:33:49.612Z,-20.2249,-174.0813,27.136,5.9,mww,47,84,4.078,0.49,us,us7000pnvv,2025-06-06T21:12:28.040Z,"53 km SSE of Pangai, Tonga",earthquake,11.15,4.954,0.11,8,reviewed,us,us
2025-03-30T15:04:54.834Z,-20.3816,-174.0115,17,6.2,mww,73,53,4.06,0.98,us,us7000pnvp,2025-06-06T21:12:28.040Z,"72 km SSE of Pangai, Tonga",earthquake,10.65,1.717,0.062,25,reviewed,us,us
2025-03-30T12:18:50.362Z,-20.3036,-174.0718,29,7,mww,287,20,4.091,0.96,us,us7000pntq,2025-06-06T21:12:28.040Z,"61 km SSE of Pangai, Tonga",earthquake,4.83,2.971,0.031,98,reviewed,us,us
2025-03-28T17:17:27.868Z,0.7561,-29.7635,12.323,6.6,mww,326,24,8.962,0.44,us,us7000pnf2,2025-06-06T21:12:26.040Z,"central Mid-Atlantic Ridge",earthquake,8.98,3.041,0.059,28,reviewed,us,us
2025-03-28T06:32:04.777Z,21.6975,95.969,10,6.7,mww,106,41,4.266,0.75,us,us7000pn9z,2025-07-16T15:18:10.885Z,"Burma (Myanmar)",earthquake,7.64,1.831,0.089,12,reviewed,us,us
2025-03-28T06:20:52.715Z,22.011,95.9363,10,7.7,mww,246,24,3.474,0.89,us,us7000pn9s,2026-06-25T16:33:20.369Z,"2025 Mandalay, Burma (Myanmar) Earthquake",earthquake,7.63,1.719,0.028,121,reviewed,us,us
2025-03-28T01:20:04.771Z,-19.2093,168.8176,37,5.7,mww,95,41,3.621,0.92,us,us7000pn8m,2025-06-06T21:12:19.040Z,"61 km NW of Isangel, Vanuatu",earthquake,8.68,1.878,0.066,22,reviewed,us,us
2025-03-28T00:34:21.875Z,0.7055,-29.665,10,6.1,mww,103,42,8.993,0.57,us,us7000pn7g,2025-06-06T21:12:25.040Z,"central Mid-Atlantic Ridge",earthquake,9.75,1.771,0.041,58,reviewed,us,us
2025-03-27T00:41:25.987Z,-56.1929,-27.4264,123.592,5.7,mww,232,27,5.526,0.71,us,us7000pmxp,2025-06-06T21:12:25.040Z,"South Sandwich Islands region",earthquake,9.2,4.311,0.069,20,reviewed,us,us
2025-03-25T01:43:11.796Z,-46.7305,165.8632,21,6.7,mww,250,31,0.799,0.54,us,us7000pmem,2025-05-29T17:36:32.040Z,"170 km WSW of Riverton, New Zealand",earthquake,7.97,1.783,0.045,48,reviewed,us,us
2025-03-22T09:49:21.891Z,51.1545,-176.1067,20,5.6,mww,103,135,0.733,0.93,us,us7000plu1,2025-05-29T17:36:28.040Z,"88 km SSE of Adak, Alaska",earthquake,4.54,1.862,0.045,48,reviewed,us,us
2025-03-22T01:15:13.647Z,-26.0219,-178.7644,347.281,5.5,mww,88,41,3.295,1.17,us,us7000plrn,2025-05-29T17:36:28.040Z,"south of the Fiji Islands",earthquake,10,5.095,0.065,23,reviewed,us,us
2025-03-21T14:58:28.059Z,51.1563,-176.1097,26.674,5.9,mww,222,57,0.73,0.81,us,us7000pllx,2025-05-29T17:36:28.040Z,"87 km SSE of Adak, Alaska",earthquake,4.27,4.072,0.117,7,reviewed,us,us
2025-03-21T14:53:41.774Z,51.1558,-176.0703,17,6.2,mww,212,55,0.738,1.37,us,us7000pllu,2026-03-21T15:03:47.095Z,"88 km SSE of Adak, Alaska",earthquake,3.74,1.828,0.035,78,reviewed,us,us
2025-03-21T14:50:51.364Z,6.9863,-82.4666,10,6.2,mww,266,92,2.389,0.82,us,us7000pllt,2025-05-29T17:36:28.040Z,"124 km SSE of Burica, Panama",earthquake,6.96,1.86,0.034,83,reviewed,us,us
2025-03-20T06:30:19.231Z,-60.4288,-27.2551,24.071,5.7,mww,100,55,17.299,0.61,us,us6000pzxi,2025-05-29T17:36:24.040Z,"South Sandwich Islands region",earthquake,10.99,4.827,0.075,17,reviewed,us,us
2025-03-20T04:28:51.980Z,51.1094,-176.0641,17,5.6,mww,131,140,0.783,1,us,us6000pzwb,2025-05-29T17:36:24.040Z,"93 km SSE of Adak, Alaska",earthquake,3.61,1.703,0.049,40,reviewed,us,us
2025-03-18T22:52:34.157Z,-55.378,-28.9052,36.839,5.6,mww,59,78,4.52,0.67,us,us6000pznk,2025-05-17T19:20:01.040Z,"South Sandwich Islands region",earthquake,11.38,7.654,0.06,27,reviewed,us,us
2025-03-17T17:32:18.505Z,-2.831,130.1617,18,5.8,mww,106,30,1.7,0.82,us,us6000pzdn,2025-05-17T19:20:00.040Z,"142 km ENE of Masohi, Indonesia",earthquake,5.41,1.832,0.054,33,reviewed,us,us
2025-03-17T09:50:24.150Z,19.4443,-109.0828,10,5.5,mww,110,104,1.863,1.23,us,us6000pzam,2025-05-17T19:20:00.040Z,"Revilla Gigedo Islands region",earthquake,6.68,1.788,0.039,63,reviewed,us,us
2025-03-15T03:19:27.274Z,17.3361,-97.4253,62,5.6,mww,114,73,1.112,1.22,us,us6000pyyq,2025-05-17T19:19:58.040Z,"5 km W of San Pedro Tidaá, Mexico",earthquake,7.61,1.899,0.041,58,reviewed,us,us
2025-03-14T23:42:32.269Z,-55.8177,-27.07,13,5.9,mww,116,27,5.628,0.59,us,us6000pyxv,2025-05-17T19:19:58.040Z,"South Sandwich Islands region",earthquake,10.05,1.751,0.059,28,reviewed,us,us
2025-03-12T15:09:44.490Z,8.3112,127.3806,9,5.5,mww,236,23,2.17,0.88,us,us6000pybu,2025-05-17T19:19:57.040Z,"105 km E of Barcelona, Philippines",earthquake,7.34,1.778,0.043,52,reviewed,us,us
2025-03-12T05:42:11.676Z,6.9701,92.5548,23,6,mww,139,41,4.659,1,us,us6000py97,2025-05-17T19:19:56.040Z,"Nicobar Islands, India region",earthquake,7.33,1.798,0.062,25,reviewed,us,us
2025-03-11T14:08:08.434Z,-10.479,-70.6352,648.298,5.6,mww,226,34,3.411,0.68,us,us6000py4l,2025-05-16T17:30:05.040Z,"126 km WNW of Iñapari, Peru",earthquake,9.11,4.749,0.048,42,reviewed,us,us
2025-03-10T02:33:14.609Z,71.176,-8.1733,10,6.5,mww,437,15,0.219,0.59,us,us6000pxvx,2025-05-16T17:30:04.040Z,"34 km NE of Olonkinbyen, Svalbard and Jan Mayen",earthquake,6.68,1.724,0.039,62,reviewed,us,us
2025-03-08T23:42:55.012Z,28.7303,130.2922,26,5.7,mww,208,39,2.6,0.85,us,us6000pxpv,2025-05-16T17:30:03.040Z,"74 km ENE of Tatsugō, Japan",earthquake,6.23,1.869,0.061,26,reviewed,us,us
2025-03-08T18:54:04.724Z,28.6865,130.192,24,5.7,mww,236,30,2.508,0.65,us,us6000pxnp,2025-05-16T17:30:03.040Z,"63 km ENE of Tatsugō, Japan",earthquake,5.57,1.754,0.046,45,reviewed,us,us
2025-03-06T16:21:39.333Z,-23.3399,-69.0636,96,6,mww,137,26,0.786,0.81,us,us6000px89,2025-05-16T17:30:02.040Z,"98 km S of Calama, Chile",earthquake,6.32,1.836,0.037,72,reviewed,us,us
2025-03-05T09:43:12.169Z,15.6001,-95.0945,28.681,5.5,mww,112,114,0.991,0.64,us,us6000px0a,2025-05-16T17:30:01.040Z,"60 km SSE of Santa Gertrudis Miramar, Mexico",earthquake,5.34,4.687,0.042,55,reviewed,us,us
2025-02-28T21:58:38.554Z,-6.0227,130.652,126,5.6,mww,85,29,1.666,0.65,us,us6000pw69,2025-05-08T19:24:43.040Z,"236 km W of Tual, Indonesia",earthquake,7.61,1.934,0.065,23,reviewed,us,us
2025-02-26T16:15:29.941Z,55.4821,164.5402,8.142,5.8,mww,230,67,4.242,0.83,us,us6000pvm4,2025-05-08T19:24:41.040Z,"153 km ESE of Ust’-Kamchatsk Staryy, Russia",earthquake,7.28,3.999,0.039,62,reviewed,us,us
2025-02-26T05:53:24.392Z,33.6039,136.3654,388,5.8,mww,163,31,1.826,0.8,us,us6000pvj5,2025-05-08T19:24:40.040Z,"38 km ESE of Shingū, Japan",earthquake,7.42,1.662,0.054,33,reviewed,us,us
2025-02-25T22:55:45.917Z,0.3994,124.8407,21.726,6.1,mww,123,19,1.038,0.74,us,us6000pvgx,2025-05-06T21:39:13.040Z,"45 km E of Modisi, Indonesia",earthquake,5.5,3.619,0.053,34,reviewed,us,us
2025-02-25T05:48:55.100Z,19.4565,-68.0846,46,5.85,ml,21,230,0.9882,0.71,pr,pr2025056002,2026-02-25T05:58:57.294Z,"102 km NNE of Punta Cana, Dominican Republic",earthquake,4.89,23.19,0.02,11,reviewed,pr,pr
2025-02-23T18:16:18.073Z,-11.3195,166.2902,36,6,mww,103,37,4.198,0.99,us,us7000pfmk,2025-05-06T21:39:19.040Z,"85 km SE of Lata, Solomon Islands",earthquake,8.83,1.945,0.035,78,reviewed,us,us
2025-02-23T01:31:52.085Z,-7.4856,155.8717,35,5.6,mww,101,27,4.474,0.77,us,us7000pfjc,2025-05-06T21:39:19.040Z,"126 km WNW of Gizo, Solomon Islands",earthquake,8.51,1.797,0.061,26,reviewed,us,us
2025-02-20T10:31:20.780Z,-15.3291,-173.9471,111,5.5,mww,88,41,2.527,0.68,us,us7000pexc,2025-05-06T21:39:16.040Z,"71 km NNW of Hihifo, Tonga",earthquake,4.76,1.865,0.065,23,reviewed,us,us
2025-02-19T02:49:44.019Z,-9.0969,152.7728,10,5.5,mww,137,41,4.816,0.79,us,us7000penh,2025-05-06T21:39:16.040Z,"285 km NE of Samarai, Papua New Guinea",earthquake,7.24,1.665,0.051,37,reviewed,us,us
2025-02-18T23:39:10.674Z,-3.3656,131.0386,13,5.7,mww,121,14,1.287,0.65,us,us7000pemi,2025-05-02T16:26:22.040Z,"148 km WSW of Fakfak, Indonesia",earthquake,4.96,1.713,0.08,15,reviewed,us,us
2025-02-18T17:18:48.127Z,-26.2533,-70.9825,31,5.6,mww,101,75,0.36,0.77,us,us7000peiq,2025-05-02T16:26:21.040Z,"94 km W of Diego de Almagro, Chile",earthquake,6.18,1.778,0.057,30,reviewed,us,us
2025-02-17T04:30:56.551Z,-15.9621,-75.1169,10,5.5,mww,157,86,4.291,0.81,us,us7000pe6v,2025-05-02T16:26:20.040Z,"66 km S of San Juan, Peru",earthquake,8.02,1.635,0.053,34,reviewed,us,us
2025-02-15T01:48:11.119Z,49.9991,88.2237,13,5.7,mww,142,26,3.374,0.83,us,us7000pdvt,2025-05-02T16:26:18.040Z,"32 km W of Kosh-Agach, Russia",earthquake,6.79,1.819,0.089,12,reviewed,us,us
2025-02-14T20:28:25.423Z,8.9453,39.9058,25,5.9,mww,200,26,1.212,0.58,us,us7000pdu6,2025-05-02T16:26:18.040Z,"5 km NNW of Metahāra, Ethiopia",earthquake,6.3,1.872,0.043,51,reviewed,us,us
2025-02-13T23:59:27.899Z,55.6151,-154.9176,13.3,5.7,mww,,,,0.64,ak,ak025215oy3m,2026-02-14T00:09:34.443Z,"155 km SSW of Akhiok, Alaska",earthquake,,1.4,,,reviewed,ak,ak
2025-02-10T00:09:42.753Z,-17.5011,167.8757,18,5.9,mww,117,39,2.142,0.51,us,us7000pcjx,2025-05-03T16:22:23.446Z,"53 km WNW of Port-Vila, Vanuatu",earthquake,6.44,1.733,0.05,38,reviewed,us,us
2025-02-08T23:23:14.697Z,17.6506,-82.395,14.326,7.6,mww,235,18,4.662,0.62,us,us7000pcdl,2025-04-26T15:51:49.572Z,"210 km SSW of George Town, Cayman Islands",earthquake,6.99,3.216,0.028,119,reviewed,us,us
2025-02-07T10:27:01.952Z,-23.9351,-176.2264,65,5.9,mww,223,15,5.503,0.51,us,us7000pc2p,2025-04-26T14:47:04.040Z,"south of the Fiji Islands",earthquake,2.52,1.852,0.052,35,reviewed,us,us
2025-02-07T04:31:58.218Z,-9.7073,97.5703,21,5.8,mww,123,40,2.571,0.9,us,us7000pc0e,2025-04-26T14:47:03.040Z,"southwest of Sumatra, Indonesia",earthquake,4.59,1.715,0.065,23,reviewed,us,us
2025-02-05T07:01:18.108Z,13.9242,-91.5982,58.159,5.6,mww,110,62,0.633,0.89,us,us7000pbfb,2025-04-26T14:47:02.040Z,"44 km SW of Nueva Concepción, Guatemala",earthquake,5.24,4.131,0.037,71,reviewed,us,us
2025-02-05T03:12:30.192Z,1.6173,127.118,99,5.5,mww,223,31,0.876,0.84,us,us7000pbdp,2025-04-26T14:47:01.040Z,"96 km NNW of Ternate, Indonesia",earthquake,5.45,1.676,0.053,34,reviewed,us,us
2025-02-04T01:40:33.905Z,-38.8932,-92.3973,10,5.7,mww,199,22,12.135,0.59,us,us7000pb59,2025-04-15T20:55:31.040Z,"West Chile Rise",earthquake,10.12,1.748,0.038,66,reviewed,us,us
2025-02-03T21:35:51.094Z,3.0383,128.2254,103,5.9,mww,132,19,2.409,0.67,us,us7000pb3j,2025-04-15T20:55:31.040Z,"146 km N of Tobelo, Indonesia",earthquake,9.11,1.862,0.042,54,reviewed,us,us
2025-02-03T13:02:17.933Z,-22.8251,171.3889,10,5.5,mww,126,36,3.646,0.71,us,us7000pb0i,2025-04-15T20:55:30.040Z,"southeast of the Loyalty Islands",earthquake,7.53,1.706,0.043,53,reviewed,us,us
2025-01-31T23:02:28.845Z,-0.8609,-78.0956,8,5.5,mww,96,64,0.3,0.68,us,us7000pahy,2025-04-15T20:55:26.040Z,"32 km W of Archidona, Ecuador",earthquake,4.95,1.863,0.043,51,reviewed,us,us
2025-01-31T11:03:41.859Z,3.2918,97.1235,53,5.7,mww,196,38,1.932,0.52,us,us7000pa9d,2025-04-15T20:55:25.040Z,"58 km SSE of Blangpidie, Indonesia",earthquake,7.32,1.934,0.068,21,reviewed,us,us
2025-01-31T09:04:50.646Z,0.4304,-25.1449,10,5.7,mww,210,37,12.408,0.32,us,us7000pa8p,2025-04-15T20:55:25.040Z,"central Mid-Atlantic Ridge",earthquake,3.84,1.768,0.048,42,reviewed,us,us
2025-01-28T06:52:38.866Z,-28.0098,-176.486,13,5.8,mww,83,69,1.767,0.91,us,us6000pmqw,2025-04-08T22:01:02.040Z,"Kermadec Islands region",earthquake,10.04,1.796,0.051,37,reviewed,us,us
2025-01-28T00:59:48.054Z,-41.1978,-90.224,10,5.6,mww,97,26,11.778,0.59,us,us6000pmpq,2025-04-08T22:01:02.040Z,"southeast of Easter Island",earthquake,10.5,1.728,0.04,61,reviewed,us,us
2025-01-26T22:39:13.301Z,53.2062,-167.2003,59,5.6,mww,107,62,0.473,0.91,us,us6000pmgt,2026-01-26T22:49:20.892Z,"86 km SSW of Unalaska, Alaska",earthquake,4.39,1.672,0.048,41,reviewed,us,us
2025-01-24T18:26:51.860Z,-3.9381,150.7581,10,5.7,mww,163,28,1.301,0.46,us,us6000pm5y,2025-04-08T22:00:59.040Z,"150 km S of Kavieng, Papua New Guinea",earthquake,5.85,1.749,0.054,33,reviewed,us,us
2025-01-23T11:14:02.382Z,-12.7706,168.8952,598,5.6,mww,125,35,3.126,1.02,us,us6000plst,2025-04-08T22:00:58.040Z,"190 km NE of Sola, Vanuatu",earthquake,9.84,1.682,0.066,22,reviewed,us,us
2025-01-22T23:39:46.093Z,10.0899,125.1492,9,5.7,mww,276,19,3.031,0.64,us,us6000plql,2025-04-08T22:00:57.040Z,"3 km NNW of San Francisco, Philippines",earthquake,7.98,1.029,0.047,43,reviewed,us,us
2025-01-21T11:15:29.924Z,-3.7665,151.551,10,5.5,mww,117,84,0.701,0.55,us,us6000plel,2025-03-29T22:12:45.040Z,"83 km NW of Rabaul, Papua New Guinea",earthquake,5.39,1.856,0.055,32,reviewed,us,us
2025-01-21T06:05:14.046Z,-27.5196,-13.4234,10,5.5,mww,93,42,13.529,0.73,us,us6000pldh,2025-03-29T22:12:45.040Z,"southern Mid-Atlantic Ridge",earthquake,10.61,1.786,0.139,5,reviewed,us,us
2025-01-21T05:47:50.406Z,13.4452,144.3602,130,5.5,mww,114,27,0.515,0.57,us,us6000pldf,2026-01-21T05:58:00.657Z,"33 km WNW of Agat Village, Guam",earthquake,8.48,1.846,0.065,23,reviewed,us,us
2025-01-20T16:17:26.812Z,23.1816,120.5448,16,6,mww,151,29,0.142,0.71,us,us6000pl8h,2025-05-08T18:02:33.757Z,"10 km NE of Yujing, Taiwan",earthquake,4.72,1.721,0.044,50,reviewed,us,us
2025-01-20T08:38:42.816Z,-11.2826,165.8611,36.358,5.5,mww,91,58,4.34,0.62,us,us6000pl6q,2025-03-29T22:12:44.040Z,"62 km S of Lata, Solomon Islands",earthquake,8.43,6.673,0.053,34,reviewed,us,us
2025-01-15T21:37:01.080Z,-10.8585,165.9976,42,5.7,mww,195,38,4.709,0.54,us,us6000pk9u,2025-03-29T22:12:40.040Z,"26 km SE of Lata, Solomon Islands",earthquake,8.75,1.832,0.057,30,reviewed,us,us
2025-01-14T19:02:04.457Z,7.2664,-35.4561,10,5.6,mww,139,57,13.014,0.6,us,us6000pjym,2025-03-20T20:55:29.040Z,"central Mid-Atlantic Ridge",earthquake,10.31,1.829,0.05,39,reviewed,us,us
2025-01-13T12:19:32.252Z,31.8326,131.5525,39,6.8,mww,151,18,0.992,1.07,us,us6000pjny,2026-01-16T11:21:32.548Z,"15 km SE of Miyazaki, Japan",earthquake,3.7,1.827,0.033,87,reviewed,us,us
2025-01-12T08:32:49.944Z,18.5019,-103.3631,39,6.2,mww,84,90,0.901,1.38,us,us6000pjig,2026-06-12T15:24:31.551Z,"18 km SE of Aquila, Mexico",earthquake,6.47,1.934,0.032,96,reviewed,us,us
2025-01-10T08:14:32.949Z,5.9461,-77.4683,18,5.6,mww,81,91,1.944,0.65,us,us6000pj4s,2025-03-20T20:54:59.040Z,"31 km SSW of Bahía Solano, Colombia",earthquake,7.09,1.851,0.052,36,reviewed,us,us
2025-01-09T16:31:45.323Z,13.599,-89.7339,95,5.8,mww,169,37,0.304,1.05,us,us6000pixh,2025-03-20T20:54:55.040Z,"10 km E of Acajutla, El Salvador",earthquake,6.07,1.88,0.034,85,reviewed,us,us
2025-01-08T07:44:22.866Z,34.8006,97.4685,10,5.5,mww,106,57,5.216,0.62,us,us6000pijd,2025-03-20T20:54:47.040Z,"Southern Qinghai, China",earthquake,8.9,1.805,0.065,23,reviewed,us,us
2025-01-07T08:31:30.553Z,31.6194,138.4289,358,5.6,mww,139,32,1.897,0.67,us,us6000pida,2025-03-17T21:35:08.040Z,"Izu Islands, Japan region",earthquake,8.3,1.908,0.083,14,reviewed,us,us
2025-01-07T01:05:16.734Z,28.6036,87.3781,10,7.1,mww,315,17,3.458,0.56,us,us6000pi9w,2025-08-11T06:50:22.632Z,"2025 Southern Tibetan Plateau Earthquake",earthquake,8.15,1.74,0.039,63,reviewed,us,us
2025-01-05T17:18:45.784Z,13.0007,-89.1775,46,6.2,mww,131,79,0.746,1.19,us,us6000pi09,2025-07-08T02:40:56.950Z,"56 km SSE of La Libertad, El Salvador",earthquake,6.61,1.95,0.037,70,reviewed,us,us
2025-01-04T00:52:21.078Z,9.4591,40.1219,8,5.7,mww,112,33,1.53,0.92,us,us6000phrk,2025-03-17T21:34:31.040Z,"52 km N of Āwash, Ethiopia",earthquake,8.29,1.832,0.056,31,reviewed,us,us
2025-01-03T17:01:46.324Z,9.3575,40.3457,10,5.5,mww,167,34,1.708,0.63,us,us6000phnz,2025-03-17T21:34:28.040Z,"45 km NNE of Āwash, Ethiopia",earthquake,6.23,1.831,0.08,15,reviewed,us,us
2025-01-03T02:33:17.419Z,-58.7696,-25.9578,86,5.5,mww,135,38,7.353,0.7,us,us6000phce,2025-03-17T21:34:22.040Z,"South Sandwich Islands region",earthquake,10.39,1.885,0.086,13,reviewed,us,us
2025-01-02T20:43:35.253Z,-21.7109,-69.1069,99,6.1,mww,106,57,0.152,1.03,us,us6000phap,2025-03-17T21:34:19.040Z,"84 km NNW of Calama, Chile",earthquake,4.9,1.884,0.035,79,reviewed,us,us
2025-01-02T02:54:17.931Z,-62.3342,155.7048,10,5.5,mww,39,138,8.039,0.7,us,us6000pgzq,2025-03-17T21:34:12.040Z,"Balleny Islands region",earthquake,11.83,1.932,0.098,10,reviewed,us,us
2025-01-01T13:48:24.752Z,-56.4095,-26.7059,70,6.1,mww,216,28,5.973,0.59,us,us6000pgv4,2025-03-17T21:34:04.040Z,"South Sandwich Islands region",earthquake,9.17,1.85,0.063,24,reviewed,us,us
2025-01-01T04:39:18.208Z,-20.9273,169.3819,22,5.5,mww,152,81,2.459,0.56,us,us6000pgsd,2025-03-17T21:34:00.040Z,"153 km S of Isangel, Vanuatu",earthquake,8.05,1.909,0.058,29,reviewed,us,us
